-- phpMyAdmin SQL Dump
-- version 5.2.1
-- https://www.phpmyadmin.net/
--
-- Host: 127.0.0.1:3306
-- Generation Time: Jul 27, 2024 at 09:37 AM
-- Server version: 8.3.0
-- PHP Version: 8.1.28

SET SQL_MODE = "NO_AUTO_VALUE_ON_ZERO";
START TRANSACTION;
SET time_zone = "+00:00";


/*!40101 SET @OLD_CHARACTER_SET_CLIENT=@@CHARACTER_SET_CLIENT */;
/*!40101 SET @OLD_CHARACTER_SET_RESULTS=@@CHARACTER_SET_RESULTS */;
/*!40101 SET @OLD_COLLATION_CONNECTION=@@COLLATION_CONNECTION */;
/*!40101 SET NAMES utf8mb4 */;

--
-- Database: `edu1`
--

-- --------------------------------------------------------

--
-- Table structure for table `addons`
--

DROP TABLE IF EXISTS `addons`;
CREATE TABLE IF NOT EXISTS `addons` (
  `id` int NOT NULL AUTO_INCREMENT,
  `name` varchar(255) NOT NULL,
  `unique_identifier` varchar(255) NOT NULL,
  `version` varchar(255) DEFAULT NULL,
  `status` int NOT NULL,
  `created_at` int DEFAULT NULL,
  `updated_at` int DEFAULT NULL,
  PRIMARY KEY (`id`)
) ENGINE=InnoDB DEFAULT CHARSET=utf8mb3;

-- --------------------------------------------------------

--
-- Table structure for table `assignvehicle`
--

DROP TABLE IF EXISTS `assignvehicle`;
CREATE TABLE IF NOT EXISTS `assignvehicle` (
  `id` int NOT NULL AUTO_INCREMENT,
  `route_id` int NOT NULL,
  `vehicle_id` int NOT NULL,
  PRIMARY KEY (`id`)
) ENGINE=InnoDB AUTO_INCREMENT=4 DEFAULT CHARSET=utf8mb4 COLLATE=utf8mb4_general_ci;

--
-- Dumping data for table `assignvehicle`
--

INSERT INTO `assignvehicle` (`id`, `route_id`, `vehicle_id`) VALUES
(1, 9, 8);

-- --------------------------------------------------------

--
-- Table structure for table `behaviour`
--

DROP TABLE IF EXISTS `behaviour`;
CREATE TABLE IF NOT EXISTS `behaviour` (
  `id` int NOT NULL AUTO_INCREMENT,
  `student_id` int DEFAULT NULL,
  `subject_id` int DEFAULT NULL,
  `class_id` int DEFAULT NULL,
  `section_id` int DEFAULT NULL,
  `exam_id` int DEFAULT NULL,
  `mark_obtained` decimal(5,2) DEFAULT '0.00',
  `comment` text COLLATE utf8mb4_unicode_ci,
  `session` varchar(20) COLLATE utf8mb4_unicode_ci DEFAULT NULL,
  `school_id` int DEFAULT NULL,
  PRIMARY KEY (`id`)
) ENGINE=InnoDB AUTO_INCREMENT=27 DEFAULT CHARSET=utf8mb4 COLLATE=utf8mb4_unicode_ci;

--
-- Dumping data for table `behaviour`
--

INSERT INTO `behaviour` (`id`, `student_id`, `subject_id`, `class_id`, `section_id`, `exam_id`, `mark_obtained`, `comment`, `session`, `school_id`) VALUES
(1, 9, 1, 1, 1, 3, 60.00, '', '1', 1),
(2, 10, 1, 1, 1, 3, 0.00, NULL, '1', 1),
(3, 11, 1, 1, 1, 3, 0.00, NULL, '1', 1),
(4, 12, 1, 1, 1, 3, 0.00, NULL, '1', 1),
(5, 13, 1, 1, 1, 3, 0.00, NULL, '1', 1),
(6, 9, 1, 1, 1, 1, 50.00, '', '1', 1),
(7, 10, 1, 1, 1, 1, 0.00, NULL, '1', 1),
(8, 11, 1, 1, 1, 1, 0.00, NULL, '1', 1),
(9, 12, 1, 1, 1, 1, 0.00, NULL, '1', 1),
(10, 13, 1, 1, 1, 1, 0.00, NULL, '1', 1),
(11, 15, 4, 2, 2, 2, 0.00, NULL, '1', 1),
(12, 16, 4, 2, 2, 2, 0.00, NULL, '1', 1),
(13, 9, 1, 1, 1, 2, 0.00, NULL, '1', 1),
(14, 10, 1, 1, 1, 2, 0.00, NULL, '1', 1),
(15, 11, 1, 1, 1, 2, 0.00, NULL, '1', 1),
(16, 12, 1, 1, 1, 2, 0.00, NULL, '1', 1),
(17, 13, 1, 1, 1, 2, 0.00, NULL, '1', 1),
(18, 15, 4, 2, 2, 4, 0.00, NULL, '1', 1),
(19, 16, 4, 2, 2, 4, 0.00, NULL, '1', 1),
(20, 17, 8, 3, 3, 3, 0.00, NULL, '1', 1),
(21, 9, 1, 1, 1, 4, 50.00, '', '1', 1),
(22, 10, 1, 1, 1, 4, 0.00, NULL, '1', 1),
(23, 11, 1, 1, 1, 4, 0.00, NULL, '1', 1),
(24, 12, 1, 1, 1, 4, 0.00, NULL, '1', 1),
(25, 13, 1, 1, 1, 4, 0.00, NULL, '1', 1),
(26, 14, 1, 1, 12, 1, 0.00, NULL, '1', 1);

-- --------------------------------------------------------

--
-- Table structure for table `books`
--

DROP TABLE IF EXISTS `books`;
CREATE TABLE IF NOT EXISTS `books` (
  `id` int UNSIGNED NOT NULL AUTO_INCREMENT,
  `name` varchar(255) COLLATE utf8mb3_unicode_ci DEFAULT NULL,
  `author` varchar(255) COLLATE utf8mb3_unicode_ci DEFAULT NULL,
  `copies` int DEFAULT NULL,
  `school_id` int DEFAULT NULL,
  `session` varchar(255) COLLATE utf8mb3_unicode_ci DEFAULT NULL,
  `created_at` timestamp NULL DEFAULT NULL,
  `updated_at` timestamp NULL DEFAULT NULL,
  PRIMARY KEY (`id`)
) ENGINE=InnoDB DEFAULT CHARSET=utf8mb3 COLLATE=utf8mb3_unicode_ci;

-- --------------------------------------------------------

--
-- Table structure for table `book_issues`
--

DROP TABLE IF EXISTS `book_issues`;
CREATE TABLE IF NOT EXISTS `book_issues` (
  `id` int UNSIGNED NOT NULL AUTO_INCREMENT,
  `book_id` int DEFAULT NULL,
  `class_id` int DEFAULT NULL,
  `student_id` int DEFAULT NULL,
  `issue_date` varchar(255) COLLATE utf8mb3_unicode_ci DEFAULT NULL,
  `status` int DEFAULT '0',
  `school_id` int DEFAULT NULL,
  `session` varchar(255) COLLATE utf8mb3_unicode_ci DEFAULT NULL,
  `created_at` timestamp NULL DEFAULT NULL,
  `updated_at` timestamp NULL DEFAULT NULL,
  PRIMARY KEY (`id`)
) ENGINE=InnoDB DEFAULT CHARSET=utf8mb3 COLLATE=utf8mb3_unicode_ci;

-- --------------------------------------------------------

--
-- Table structure for table `ci_sessions`
--

DROP TABLE IF EXISTS `ci_sessions`;
CREATE TABLE IF NOT EXISTS `ci_sessions` (
  `id` varchar(40) COLLATE utf8mb3_unicode_ci DEFAULT NULL,
  `ip_address` varchar(45) COLLATE utf8mb3_unicode_ci DEFAULT NULL,
  `timestamp` int NOT NULL DEFAULT '0',
  `data` blob
) ENGINE=InnoDB DEFAULT CHARSET=utf8mb3 COLLATE=utf8mb3_unicode_ci;

--
-- Dumping data for table `ci_sessions`
--

INSERT INTO `ci_sessions` (`id`, `ip_address`, `timestamp`, `data`) VALUES
('54boi6u5gcp3rcoi1nj1jdasr9vh3nuc', '::1', 1721891868, 0x5f5f63695f6c6173745f726567656e65726174657c693a313732313839313836383b757365725f6c6f67696e5f747970657c623a313b73747564656e745f6c6f67696e7c623a313b757365725f69647c733a313a2233223b7363686f6f6c5f69647c733a313a2231223b757365725f6e616d657c733a31323a2252616b657368205665726d61223b757365725f747970657c733a373a2273747564656e74223b666c6173685f6d6573736167657c733a31323a2257656c636f6d65206261636b223b5f5f63695f766172737c613a313a7b733a31333a22666c6173685f6d657373616765223b733a333a226f6c64223b7d),
('berjj4j0dh7ph8l8hqvlbj11l3amonad', '::1', 1721897840, 0x5f5f63695f6c6173745f726567656e65726174657c693a313732313839373834303b757365725f6c6f67696e5f747970657c623a313b73747564656e745f6c6f67696e7c623a313b757365725f69647c733a313a2233223b7363686f6f6c5f69647c733a313a2231223b757365725f6e616d657c733a31323a2252616b657368205665726d61223b757365725f747970657c733a373a2273747564656e74223b666c6173685f6d6573736167657c733a31323a2257656c636f6d65206261636b223b5f5f63695f766172737c613a313a7b733a31333a22666c6173685f6d657373616765223b733a333a226f6c64223b7d),
('ehbgi4empon0krr6pej9tt72fdbvuq3n', '::1', 1721891902, 0x5f5f63695f6c6173745f726567656e65726174657c693a313732313839313837333b6163746976655f7363686f6f6c5f69647c733a313a2231223b757365725f6c6f67696e5f747970657c623a313b73747564656e745f6c6f67696e7c623a313b757365725f69647c733a313a2233223b7363686f6f6c5f69647c733a313a2231223b757365725f6e616d657c733a31323a2252616b657368205665726d61223b757365725f747970657c733a373a2273747564656e74223b666c6173685f6d6573736167657c733a31323a2257656c636f6d65206261636b223b5f5f63695f766172737c613a313a7b733a31333a22666c6173685f6d657373616765223b733a333a226f6c64223b7d),
('8gtrc6dvj81u6bv3jeelfde21823cebq', '::1', 1721892082, 0x5f5f63695f6c6173745f726567656e65726174657c693a313732313839313933383b6163746976655f7363686f6f6c5f69647c733a313a2231223b757365725f6c6f67696e5f747970657c623a313b73747564656e745f6c6f67696e7c623a313b757365725f69647c733a313a2233223b7363686f6f6c5f69647c733a313a2231223b757365725f6e616d657c733a31323a2252616b657368205665726d61223b757365725f747970657c733a373a2273747564656e74223b666c6173685f6d6573736167657c733a31323a2257656c636f6d65206261636b223b5f5f63695f766172737c613a313a7b733a31333a22666c6173685f6d657373616765223b733a333a226f6c64223b7d),
('v3vc0spa7722g4ajeq899qs50mavt9ga', '::1', 1721892121, 0x5f5f63695f6c6173745f726567656e65726174657c693a313732313839323130373b757365725f6c6f67696e5f747970657c623a313b73747564656e745f6c6f67696e7c623a313b757365725f69647c733a313a2233223b7363686f6f6c5f69647c733a313a2231223b757365725f6e616d657c733a31323a2252616b657368205665726d61223b757365725f747970657c733a373a2273747564656e74223b666c6173685f6d6573736167657c733a31323a2257656c636f6d65206261636b223b5f5f63695f766172737c613a313a7b733a31333a22666c6173685f6d657373616765223b733a333a226f6c64223b7d),
('5f7rplpjflmjn5ni39t2p2k9hd9a0qki', '::1', 1721892253, 0x5f5f63695f6c6173745f726567656e65726174657c693a313732313839323233323b6163746976655f7363686f6f6c5f69647c733a313a2231223b757365725f6c6f67696e5f747970657c623a313b73747564656e745f6c6f67696e7c623a313b757365725f69647c733a313a2233223b7363686f6f6c5f69647c733a313a2231223b757365725f6e616d657c733a31323a2252616b657368205665726d61223b757365725f747970657c733a373a2273747564656e74223b666c6173685f6d6573736167657c733a31323a2257656c636f6d65206261636b223b5f5f63695f766172737c613a313a7b733a31333a22666c6173685f6d657373616765223b733a333a226f6c64223b7d),
('hilgodqj398mhcrlji1pbhrt3r2mkd56', '::1', 1721892339, 0x5f5f63695f6c6173745f726567656e65726174657c693a313732313839323332313b6163746976655f7363686f6f6c5f69647c733a313a2231223b757365725f6c6f67696e5f747970657c623a313b73747564656e745f6c6f67696e7c623a313b757365725f69647c733a313a2233223b7363686f6f6c5f69647c733a313a2231223b757365725f6e616d657c733a31323a2252616b657368205665726d61223b757365725f747970657c733a373a2273747564656e74223b666c6173685f6d6573736167657c733a31323a2257656c636f6d65206261636b223b5f5f63695f766172737c613a313a7b733a31333a22666c6173685f6d657373616765223b733a333a226f6c64223b7d),
('vlvq8mkj3hea91r045vh7eb75ogtb2rt', '::1', 1721892437, 0x5f5f63695f6c6173745f726567656e65726174657c693a313732313839323432333b6163746976655f7363686f6f6c5f69647c733a313a2231223b757365725f6c6f67696e5f747970657c623a313b73747564656e745f6c6f67696e7c623a313b757365725f69647c733a313a2233223b7363686f6f6c5f69647c733a313a2231223b757365725f6e616d657c733a31323a2252616b657368205665726d61223b757365725f747970657c733a373a2273747564656e74223b666c6173685f6d6573736167657c733a31323a2257656c636f6d65206261636b223b5f5f63695f766172737c613a313a7b733a31333a22666c6173685f6d657373616765223b733a333a226f6c64223b7d),
('u4b48s8oiujf0mp112i3rrbbllhque5h', '::1', 1721892521, 0x5f5f63695f6c6173745f726567656e65726174657c693a313732313839323530323b6163746976655f7363686f6f6c5f69647c733a313a2231223b757365725f6c6f67696e5f747970657c623a313b73747564656e745f6c6f67696e7c623a313b757365725f69647c733a313a2233223b7363686f6f6c5f69647c733a313a2231223b757365725f6e616d657c733a31323a2252616b657368205665726d61223b757365725f747970657c733a373a2273747564656e74223b666c6173685f6d6573736167657c733a31323a2257656c636f6d65206261636b223b5f5f63695f766172737c613a313a7b733a31333a22666c6173685f6d657373616765223b733a333a226f6c64223b7d),
('3fl0ngovd4hv6n1n7ortud3fup790oba', '::1', 1721892700, 0x5f5f63695f6c6173745f726567656e65726174657c693a313732313839323636313b6163746976655f7363686f6f6c5f69647c733a313a2231223b757365725f6c6f67696e5f747970657c623a313b73747564656e745f6c6f67696e7c623a313b757365725f69647c733a313a2233223b7363686f6f6c5f69647c733a313a2231223b757365725f6e616d657c733a31323a2252616b657368205665726d61223b757365725f747970657c733a373a2273747564656e74223b666c6173685f6d6573736167657c733a31323a2257656c636f6d65206261636b223b5f5f63695f766172737c613a313a7b733a31333a22666c6173685f6d657373616765223b733a333a226f6c64223b7d),
('1hbllfel87f2tdlhff8b3jmqp9ech3mg', '::1', 1721892778, 0x5f5f63695f6c6173745f726567656e65726174657c693a313732313839323736343b6163746976655f7363686f6f6c5f69647c733a313a2231223b757365725f6c6f67696e5f747970657c623a313b73747564656e745f6c6f67696e7c623a313b757365725f69647c733a313a2233223b7363686f6f6c5f69647c733a313a2231223b757365725f6e616d657c733a31323a2252616b657368205665726d61223b757365725f747970657c733a373a2273747564656e74223b666c6173685f6d6573736167657c733a31323a2257656c636f6d65206261636b223b5f5f63695f766172737c613a313a7b733a31333a22666c6173685f6d657373616765223b733a333a226f6c64223b7d),
('04vsu7dscdd2dr70n89e6c4e854fvno9', '::1', 1721892893, 0x5f5f63695f6c6173745f726567656e65726174657c693a313732313839323837323b6163746976655f7363686f6f6c5f69647c733a313a2231223b757365725f6c6f67696e5f747970657c623a313b73747564656e745f6c6f67696e7c623a313b757365725f69647c733a313a2233223b7363686f6f6c5f69647c733a313a2231223b757365725f6e616d657c733a31323a2252616b657368205665726d61223b757365725f747970657c733a373a2273747564656e74223b666c6173685f6d6573736167657c733a31323a2257656c636f6d65206261636b223b5f5f63695f766172737c613a313a7b733a31333a22666c6173685f6d657373616765223b733a333a226f6c64223b7d),
('150c5surci4bsfesrpis458nc61si5ls', '::1', 1721893018, 0x5f5f63695f6c6173745f726567656e65726174657c693a313732313839323938323b6163746976655f7363686f6f6c5f69647c733a313a2231223b757365725f6c6f67696e5f747970657c623a313b73747564656e745f6c6f67696e7c623a313b757365725f69647c733a313a2233223b7363686f6f6c5f69647c733a313a2231223b757365725f6e616d657c733a31323a2252616b657368205665726d61223b757365725f747970657c733a373a2273747564656e74223b666c6173685f6d6573736167657c733a31323a2257656c636f6d65206261636b223b5f5f63695f766172737c613a313a7b733a31333a22666c6173685f6d657373616765223b733a333a226f6c64223b7d),
('f88v484gl2iuackfovcd0g4vccdmrr93', '::1', 1721893077, 0x5f5f63695f6c6173745f726567656e65726174657c693a313732313839333035383b6163746976655f7363686f6f6c5f69647c733a313a2231223b757365725f6c6f67696e5f747970657c623a313b73747564656e745f6c6f67696e7c623a313b757365725f69647c733a313a2233223b7363686f6f6c5f69647c733a313a2231223b757365725f6e616d657c733a31323a2252616b657368205665726d61223b757365725f747970657c733a373a2273747564656e74223b666c6173685f6d6573736167657c733a31323a2257656c636f6d65206261636b223b5f5f63695f766172737c613a313a7b733a31333a22666c6173685f6d657373616765223b733a333a226f6c64223b7d),
('nuro9123mjnr2196h03f65vheq8fouoe', '::1', 1721893151, 0x5f5f63695f6c6173745f726567656e65726174657c693a313732313839333133383b6163746976655f7363686f6f6c5f69647c733a313a2231223b757365725f6c6f67696e5f747970657c623a313b73747564656e745f6c6f67696e7c623a313b757365725f69647c733a313a2233223b7363686f6f6c5f69647c733a313a2231223b757365725f6e616d657c733a31323a2252616b657368205665726d61223b757365725f747970657c733a373a2273747564656e74223b666c6173685f6d6573736167657c733a31323a2257656c636f6d65206261636b223b5f5f63695f766172737c613a313a7b733a31333a22666c6173685f6d657373616765223b733a333a226f6c64223b7d),
('0165ctv1fgb030bv78m9fsb5vk70ddu7', '::1', 1721895466, 0x5f5f63695f6c6173745f726567656e65726174657c693a313732313839353436363b6163746976655f7363686f6f6c5f69647c733a313a2231223b757365725f6c6f67696e5f747970657c623a313b73747564656e745f6c6f67696e7c623a313b757365725f69647c733a313a2233223b7363686f6f6c5f69647c733a313a2231223b757365725f6e616d657c733a31323a2252616b657368205665726d61223b757365725f747970657c733a373a2273747564656e74223b666c6173685f6d6573736167657c733a31323a2257656c636f6d65206261636b223b5f5f63695f766172737c613a313a7b733a31333a22666c6173685f6d657373616765223b733a333a226f6c64223b7d),
('8l4b1rh5pb1lu4lceitkcl0pdpqqrjju', '::1', 1721895466, 0x5f5f63695f6c6173745f726567656e65726174657c693a313732313839353436363b6163746976655f7363686f6f6c5f69647c733a313a2231223b757365725f6c6f67696e5f747970657c623a313b73747564656e745f6c6f67696e7c623a313b757365725f69647c733a313a2233223b7363686f6f6c5f69647c733a313a2231223b757365725f6e616d657c733a31323a2252616b657368205665726d61223b757365725f747970657c733a373a2273747564656e74223b666c6173685f6d6573736167657c733a31323a2257656c636f6d65206261636b223b5f5f63695f766172737c613a313a7b733a31333a22666c6173685f6d657373616765223b733a333a226f6c64223b7d),
('d0j91jo23567qp1t5r2jbnsrt7lmmhnj', '::1', 1721896231, 0x5f5f63695f6c6173745f726567656e65726174657c693a313732313839363233313b6163746976655f7363686f6f6c5f69647c733a313a2231223b757365725f6c6f67696e5f747970657c623a313b73747564656e745f6c6f67696e7c623a313b757365725f69647c733a313a2233223b7363686f6f6c5f69647c733a313a2231223b757365725f6e616d657c733a31323a2252616b657368205665726d61223b757365725f747970657c733a373a2273747564656e74223b666c6173685f6d6573736167657c733a31323a2257656c636f6d65206261636b223b5f5f63695f766172737c613a313a7b733a31333a22666c6173685f6d657373616765223b733a333a226f6c64223b7d),
('i62cpmf29sfngjqk1v0eh218kq03qgn2', '::1', 1721896232, 0x5f5f63695f6c6173745f726567656e65726174657c693a313732313839363233313b6163746976655f7363686f6f6c5f69647c733a313a2231223b757365725f6c6f67696e5f747970657c623a313b73747564656e745f6c6f67696e7c623a313b757365725f69647c733a313a2233223b7363686f6f6c5f69647c733a313a2231223b757365725f6e616d657c733a31323a2252616b657368205665726d61223b757365725f747970657c733a373a2273747564656e74223b666c6173685f6d6573736167657c733a31323a2257656c636f6d65206261636b223b5f5f63695f766172737c613a313a7b733a31333a22666c6173685f6d657373616765223b733a333a226f6c64223b7d),
('ml8uqjhqe8jmaqn2h4upfkdpmi4mfnrh', '::1', 1721897268, 0x5f5f63695f6c6173745f726567656e65726174657c693a313732313839373236383b6163746976655f7363686f6f6c5f69647c733a313a2231223b6572726f725f6d6573736167657c733a33303a22496e76616c696420796f757220656d61696c206f722070617373776f7264223b5f5f63695f766172737c613a323a7b733a31333a226572726f725f6d657373616765223b733a333a226f6c64223b733a31333a22666c6173685f6d657373616765223b733a333a226f6c64223b7d757365725f6c6f67696e5f747970657c623a313b73747564656e745f6c6f67696e7c623a313b757365725f69647c733a313a2233223b7363686f6f6c5f69647c733a313a2231223b757365725f6e616d657c733a31323a2252616b657368205665726d61223b757365725f747970657c733a373a2273747564656e74223b666c6173685f6d6573736167657c733a31323a2257656c636f6d65206261636b223b),
('ab8agl48q8ffv18ckgv718sk8fsgaga3', '::1', 1721897583, 0x5f5f63695f6c6173745f726567656e65726174657c693a313732313839373538333b6163746976655f7363686f6f6c5f69647c733a313a2231223b6572726f725f6d6573736167657c733a33303a22496e76616c696420796f757220656d61696c206f722070617373776f7264223b5f5f63695f766172737c613a323a7b733a31333a226572726f725f6d657373616765223b733a333a226f6c64223b733a31333a22666c6173685f6d657373616765223b733a333a226f6c64223b7d757365725f6c6f67696e5f747970657c623a313b73747564656e745f6c6f67696e7c623a313b757365725f69647c733a313a2233223b7363686f6f6c5f69647c733a313a2231223b757365725f6e616d657c733a31323a2252616b657368205665726d61223b757365725f747970657c733a373a2273747564656e74223b666c6173685f6d6573736167657c733a31323a2257656c636f6d65206261636b223b),
('ctmc3ap7qgu8f086dn0j3vngp8eb1e0c', '::1', 1721898437, 0x5f5f63695f6c6173745f726567656e65726174657c693a313732313839383433373b6163746976655f7363686f6f6c5f69647c733a313a2231223b6572726f725f6d6573736167657c733a33303a22496e76616c696420796f757220656d61696c206f722070617373776f7264223b5f5f63695f766172737c613a323a7b733a31333a226572726f725f6d657373616765223b733a333a226f6c64223b733a31333a22666c6173685f6d657373616765223b733a333a226f6c64223b7d757365725f6c6f67696e5f747970657c623a313b73747564656e745f6c6f67696e7c623a313b757365725f69647c733a313a2233223b7363686f6f6c5f69647c733a313a2231223b757365725f6e616d657c733a31323a2252616b657368205665726d61223b757365725f747970657c733a373a2273747564656e74223b666c6173685f6d6573736167657c733a31323a2257656c636f6d65206261636b223b),
('jhfsddttgukv11p92e5jlbfk07mn5j77', '::1', 1721898201, 0x5f5f63695f6c6173745f726567656e65726174657c693a313732313839383230313b757365725f6c6f67696e5f747970657c623a313b73747564656e745f6c6f67696e7c623a313b757365725f69647c733a313a2233223b7363686f6f6c5f69647c733a313a2231223b757365725f6e616d657c733a31323a2252616b657368205665726d61223b757365725f747970657c733a373a2273747564656e74223b666c6173685f6d6573736167657c733a31323a2257656c636f6d65206261636b223b5f5f63695f766172737c613a313a7b733a31333a22666c6173685f6d657373616765223b733a333a226f6c64223b7d),
('f870glcch42p4pv9ek0l7ettaa1hg67n', '::1', 1721898573, 0x5f5f63695f6c6173745f726567656e65726174657c693a313732313839383537333b757365725f6c6f67696e5f747970657c623a313b73747564656e745f6c6f67696e7c623a313b757365725f69647c733a313a2233223b7363686f6f6c5f69647c733a313a2231223b757365725f6e616d657c733a31323a2252616b657368205665726d61223b757365725f747970657c733a373a2273747564656e74223b666c6173685f6d6573736167657c733a31323a2257656c636f6d65206261636b223b5f5f63695f766172737c613a313a7b733a31333a22666c6173685f6d657373616765223b733a333a226f6c64223b7d),
('ptrm8336aqq5essnt12buv2gcur84hmn', '::1', 1721902382, 0x5f5f63695f6c6173745f726567656e65726174657c693a313732313839383433373b6163746976655f7363686f6f6c5f69647c733a313a2231223b6572726f725f6d6573736167657c733a33303a22496e76616c696420796f757220656d61696c206f722070617373776f7264223b5f5f63695f766172737c613a323a7b733a31333a226572726f725f6d657373616765223b733a333a226f6c64223b733a31333a22666c6173685f6d657373616765223b733a333a226f6c64223b7d757365725f6c6f67696e5f747970657c623a313b73747564656e745f6c6f67696e7c623a313b757365725f69647c733a313a2233223b7363686f6f6c5f69647c733a313a2231223b757365725f6e616d657c733a31323a2252616b657368205665726d61223b757365725f747970657c733a373a2273747564656e74223b666c6173685f6d6573736167657c733a31323a2257656c636f6d65206261636b223b),
('llt9k5ddicefgff7ev3vsa427jts1989', '::1', 1721899063, 0x5f5f63695f6c6173745f726567656e65726174657c693a313732313839393036333b757365725f6c6f67696e5f747970657c623a313b73747564656e745f6c6f67696e7c623a313b757365725f69647c733a313a2233223b7363686f6f6c5f69647c733a313a2231223b757365725f6e616d657c733a31323a2252616b657368205665726d61223b757365725f747970657c733a373a2273747564656e74223b666c6173685f6d6573736167657c733a31323a2257656c636f6d65206261636b223b5f5f63695f766172737c613a313a7b733a31333a22666c6173685f6d657373616765223b733a333a226f6c64223b7d),
('3b8gi35jcuuagps0ms7cfok0a2rqsuh0', '::1', 1721899388, 0x5f5f63695f6c6173745f726567656e65726174657c693a313732313839393338383b757365725f6c6f67696e5f747970657c623a313b73747564656e745f6c6f67696e7c623a313b757365725f69647c733a313a2233223b7363686f6f6c5f69647c733a313a2231223b757365725f6e616d657c733a31323a2252616b657368205665726d61223b757365725f747970657c733a373a2273747564656e74223b666c6173685f6d6573736167657c733a31323a2257656c636f6d65206261636b223b5f5f63695f766172737c613a313a7b733a31333a22666c6173685f6d657373616765223b733a333a226f6c64223b7d),
('dq13r98979d220etieu1er567lk8iqld', '::1', 1721900131, 0x5f5f63695f6c6173745f726567656e65726174657c693a313732313930303133313b757365725f6c6f67696e5f747970657c623a313b73747564656e745f6c6f67696e7c623a313b757365725f69647c733a313a2233223b7363686f6f6c5f69647c733a313a2231223b757365725f6e616d657c733a31323a2252616b657368205665726d61223b757365725f747970657c733a373a2273747564656e74223b666c6173685f6d6573736167657c733a31323a2257656c636f6d65206261636b223b5f5f63695f766172737c613a313a7b733a31333a22666c6173685f6d657373616765223b733a333a226f6c64223b7d),
('025tgstmq80j2e308aph3nmcfa5v12kf', '::1', 1721900463, 0x5f5f63695f6c6173745f726567656e65726174657c693a313732313930303436333b757365725f6c6f67696e5f747970657c623a313b73747564656e745f6c6f67696e7c623a313b757365725f69647c733a313a2233223b7363686f6f6c5f69647c733a313a2231223b757365725f6e616d657c733a31323a2252616b657368205665726d61223b757365725f747970657c733a373a2273747564656e74223b666c6173685f6d6573736167657c733a31323a2257656c636f6d65206261636b223b5f5f63695f766172737c613a313a7b733a31333a22666c6173685f6d657373616765223b733a333a226f6c64223b7d),
('9sb2m72nv53idqh59njgftf7hfo9kni8', '::1', 1721900863, 0x5f5f63695f6c6173745f726567656e65726174657c693a313732313930303836333b757365725f6c6f67696e5f747970657c623a313b73747564656e745f6c6f67696e7c623a313b757365725f69647c733a313a2233223b7363686f6f6c5f69647c733a313a2231223b757365725f6e616d657c733a31323a2252616b657368205665726d61223b757365725f747970657c733a373a2273747564656e74223b666c6173685f6d6573736167657c733a31323a2257656c636f6d65206261636b223b5f5f63695f766172737c613a313a7b733a31333a22666c6173685f6d657373616765223b733a333a226f6c64223b7d),
('e0d423agoof2p4ekdhed7aci4lchkpeg', '::1', 1721901208, 0x5f5f63695f6c6173745f726567656e65726174657c693a313732313930313230383b757365725f6c6f67696e5f747970657c623a313b73747564656e745f6c6f67696e7c623a313b757365725f69647c733a313a2233223b7363686f6f6c5f69647c733a313a2231223b757365725f6e616d657c733a31323a2252616b657368205665726d61223b757365725f747970657c733a373a2273747564656e74223b666c6173685f6d6573736167657c733a31323a2257656c636f6d65206261636b223b5f5f63695f766172737c613a313a7b733a31333a22666c6173685f6d657373616765223b733a333a226f6c64223b7d),
('gifjvveigdi22oit583r5uanupgvdknc', '::1', 1721901562, 0x5f5f63695f6c6173745f726567656e65726174657c693a313732313930313536323b757365725f6c6f67696e5f747970657c623a313b73747564656e745f6c6f67696e7c623a313b757365725f69647c733a313a2233223b7363686f6f6c5f69647c733a313a2231223b757365725f6e616d657c733a31323a2252616b657368205665726d61223b757365725f747970657c733a373a2273747564656e74223b666c6173685f6d6573736167657c733a31323a2257656c636f6d65206261636b223b5f5f63695f766172737c613a313a7b733a31333a22666c6173685f6d657373616765223b733a333a226f6c64223b7d),
('1l778nds249tt52jbd87i543la997ebr', '::1', 1721902294, 0x5f5f63695f6c6173745f726567656e65726174657c693a313732313930323239343b757365725f6c6f67696e5f747970657c623a313b73747564656e745f6c6f67696e7c623a313b757365725f69647c733a313a2233223b7363686f6f6c5f69647c733a313a2231223b757365725f6e616d657c733a31323a2252616b657368205665726d61223b757365725f747970657c733a373a2273747564656e74223b666c6173685f6d6573736167657c733a31323a2257656c636f6d65206261636b223b5f5f63695f766172737c613a313a7b733a31333a22666c6173685f6d657373616765223b733a333a226f6c64223b7d),
('thnfmc6d51jtclqv3u79urh8p62knh7f', '::1', 1721902294, 0x5f5f63695f6c6173745f726567656e65726174657c693a313732313930323239343b757365725f6c6f67696e5f747970657c623a313b73747564656e745f6c6f67696e7c623a313b757365725f69647c733a313a2233223b7363686f6f6c5f69647c733a313a2231223b757365725f6e616d657c733a31323a2252616b657368205665726d61223b757365725f747970657c733a373a2273747564656e74223b666c6173685f6d6573736167657c733a31323a2257656c636f6d65206261636b223b5f5f63695f766172737c613a313a7b733a31333a22666c6173685f6d657373616765223b733a333a226f6c64223b7d),
('2blpe4ib7spsj0uekq3csie5cau3d9lt', '::1', 1721928203, 0x5f5f63695f6c6173745f726567656e65726174657c693a313732313932383230333b6163746976655f7363686f6f6c5f69647c733a313a2231223b757365725f6c6f67696e5f747970657c623a313b73747564656e745f6c6f67696e7c623a313b757365725f69647c733a313a2233223b7363686f6f6c5f69647c733a313a2231223b757365725f6e616d657c733a31323a2252616b657368205665726d61223b757365725f747970657c733a373a2273747564656e74223b666c6173685f6d6573736167657c733a31323a2257656c636f6d65206261636b223b5f5f63695f766172737c613a313a7b733a31333a22666c6173685f6d657373616765223b733a333a226f6c64223b7d),
('kh7ksjst7e749pohko8rfq04qndn8nbm', '::1', 1721929244, 0x5f5f63695f6c6173745f726567656e65726174657c693a313732313932393234343b757365725f6c6f67696e5f747970657c623a313b61646d696e5f6c6f67696e7c623a313b757365725f69647c733a313a2232223b7363686f6f6c5f69647c733a313a2231223b757365725f6e616d657c733a31333a225379656420416d697220416c69223b757365725f747970657c733a353a2261646d696e223b666c6173685f6d6573736167657c733a31323a2257656c636f6d65206261636b223b5f5f63695f766172737c613a313a7b733a31333a22666c6173685f6d657373616765223b733a333a226f6c64223b7d),
('5bqmueeb6uo4k3hrtfbqr89ng02npguc', '::1', 1721928547, 0x5f5f63695f6c6173745f726567656e65726174657c693a313732313932383534373b6163746976655f7363686f6f6c5f69647c733a313a2231223b757365725f6c6f67696e5f747970657c623a313b73747564656e745f6c6f67696e7c623a313b757365725f69647c733a313a2233223b7363686f6f6c5f69647c733a313a2231223b757365725f6e616d657c733a31323a2252616b657368205665726d61223b757365725f747970657c733a373a2273747564656e74223b666c6173685f6d6573736167657c733a31323a2257656c636f6d65206261636b223b5f5f63695f766172737c613a313a7b733a31333a22666c6173685f6d657373616765223b733a333a226f6c64223b7d),
('hlvrr23fciqq59v0rsj6nmku21gpj61m', '::1', 1721928858, 0x5f5f63695f6c6173745f726567656e65726174657c693a313732313932383835383b6163746976655f7363686f6f6c5f69647c733a313a2231223b757365725f6c6f67696e5f747970657c623a313b73747564656e745f6c6f67696e7c623a313b757365725f69647c733a313a2233223b7363686f6f6c5f69647c733a313a2231223b757365725f6e616d657c733a31323a2252616b657368205665726d61223b757365725f747970657c733a373a2273747564656e74223b666c6173685f6d6573736167657c733a31323a2257656c636f6d65206261636b223b5f5f63695f766172737c613a313a7b733a31333a22666c6173685f6d657373616765223b733a333a226f6c64223b7d),
('48gmlpn5ucccj64ee8k47lqqr05v6ggi', '::1', 1721929264, 0x5f5f63695f6c6173745f726567656e65726174657c693a313732313932393236343b6163746976655f7363686f6f6c5f69647c733a313a2231223b757365725f6c6f67696e5f747970657c623a313b73747564656e745f6c6f67696e7c623a313b757365725f69647c733a313a2233223b7363686f6f6c5f69647c733a313a2231223b757365725f6e616d657c733a31323a2252616b657368205665726d61223b757365725f747970657c733a373a2273747564656e74223b666c6173685f6d6573736167657c733a31323a2257656c636f6d65206261636b223b5f5f63695f766172737c613a313a7b733a31333a22666c6173685f6d657373616765223b733a333a226f6c64223b7d),
('n8bjknrmkjn8rudmcem5o4oqcapq8ta2', '::1', 1721930433, 0x5f5f63695f6c6173745f726567656e65726174657c693a313732313933303433333b757365725f6c6f67696e5f747970657c623a313b61646d696e5f6c6f67696e7c623a313b757365725f69647c733a313a2232223b7363686f6f6c5f69647c733a313a2231223b757365725f6e616d657c733a31333a225379656420416d697220416c69223b757365725f747970657c733a353a2261646d696e223b666c6173685f6d6573736167657c733a31323a2257656c636f6d65206261636b223b5f5f63695f766172737c613a313a7b733a31333a22666c6173685f6d657373616765223b733a333a226f6c64223b7d),
('a5dblqgqrrefkojm5isojra49t1t2lp7', '::1', 1721929681, 0x5f5f63695f6c6173745f726567656e65726174657c693a313732313932393638313b6163746976655f7363686f6f6c5f69647c733a313a2231223b757365725f6c6f67696e5f747970657c623a313b73747564656e745f6c6f67696e7c623a313b757365725f69647c733a313a2233223b7363686f6f6c5f69647c733a313a2231223b757365725f6e616d657c733a31323a2252616b657368205665726d61223b757365725f747970657c733a373a2273747564656e74223b666c6173685f6d6573736167657c733a31323a2257656c636f6d65206261636b223b5f5f63695f766172737c613a313a7b733a31333a22666c6173685f6d657373616765223b733a333a226f6c64223b7d),
('mbds2s12ajq1c5qu1or2eqt438c0me0e', '::1', 1721930029, 0x5f5f63695f6c6173745f726567656e65726174657c693a313732313933303032393b6163746976655f7363686f6f6c5f69647c733a313a2231223b757365725f6c6f67696e5f747970657c623a313b73747564656e745f6c6f67696e7c623a313b757365725f69647c733a313a2233223b7363686f6f6c5f69647c733a313a2231223b757365725f6e616d657c733a31323a2252616b657368205665726d61223b757365725f747970657c733a373a2273747564656e74223b666c6173685f6d6573736167657c733a31323a2257656c636f6d65206261636b223b5f5f63695f766172737c613a313a7b733a31333a22666c6173685f6d657373616765223b733a333a226f6c64223b7d),
('vs1pf4lkdgh96dok9aefpqj8nmj75pf4', '::1', 1721930341, 0x5f5f63695f6c6173745f726567656e65726174657c693a313732313933303334313b6163746976655f7363686f6f6c5f69647c733a313a2231223b757365725f6c6f67696e5f747970657c623a313b73747564656e745f6c6f67696e7c623a313b757365725f69647c733a313a2233223b7363686f6f6c5f69647c733a313a2231223b757365725f6e616d657c733a31323a2252616b657368205665726d61223b757365725f747970657c733a373a2273747564656e74223b666c6173685f6d6573736167657c733a31323a2257656c636f6d65206261636b223b5f5f63695f766172737c613a313a7b733a31333a22666c6173685f6d657373616765223b733a333a226f6c64223b7d),
('6h51btnbgsvbg6ekq3q2kbqfr2de1lvg', '::1', 1721930652, 0x5f5f63695f6c6173745f726567656e65726174657c693a313732313933303635323b6163746976655f7363686f6f6c5f69647c733a313a2231223b757365725f6c6f67696e5f747970657c623a313b73747564656e745f6c6f67696e7c623a313b757365725f69647c733a313a2233223b7363686f6f6c5f69647c733a313a2231223b757365725f6e616d657c733a31323a2252616b657368205665726d61223b757365725f747970657c733a373a2273747564656e74223b666c6173685f6d6573736167657c733a31323a2257656c636f6d65206261636b223b5f5f63695f766172737c613a313a7b733a31333a22666c6173685f6d657373616765223b733a333a226f6c64223b7d),
('b10o8jtu9kovvasr0e22l3sqfenkumq7', '::1', 1721931068, 0x5f5f63695f6c6173745f726567656e65726174657c693a313732313933313036383b757365725f6c6f67696e5f747970657c623a313b61646d696e5f6c6f67696e7c623a313b757365725f69647c733a313a2232223b7363686f6f6c5f69647c733a313a2231223b757365725f6e616d657c733a31333a225379656420416d697220416c69223b757365725f747970657c733a353a2261646d696e223b666c6173685f6d6573736167657c733a31323a2257656c636f6d65206261636b223b5f5f63695f766172737c613a313a7b733a31333a22666c6173685f6d657373616765223b733a333a226f6c64223b7d),
('969ldecjin5vck93vnsj58nfi0198so7', '::1', 1721931342, 0x5f5f63695f6c6173745f726567656e65726174657c693a313732313933313334323b6163746976655f7363686f6f6c5f69647c733a313a2231223b757365725f6c6f67696e5f747970657c623a313b73747564656e745f6c6f67696e7c623a313b757365725f69647c733a313a2233223b7363686f6f6c5f69647c733a313a2231223b757365725f6e616d657c733a31323a2252616b657368205665726d61223b757365725f747970657c733a373a2273747564656e74223b666c6173685f6d6573736167657c733a31323a2257656c636f6d65206261636b223b5f5f63695f766172737c613a313a7b733a31333a22666c6173685f6d657373616765223b733a333a226f6c64223b7d),
('soo2qmtob4c10sb4bsi5cdto7mjdftvt', '::1', 1721933939, 0x5f5f63695f6c6173745f726567656e65726174657c693a313732313933333933393b757365725f6c6f67696e5f747970657c623a313b61646d696e5f6c6f67696e7c623a313b757365725f69647c733a313a2232223b7363686f6f6c5f69647c733a313a2231223b757365725f6e616d657c733a31333a225379656420416d697220416c69223b757365725f747970657c733a353a2261646d696e223b666c6173685f6d6573736167657c733a31323a2257656c636f6d65206261636b223b5f5f63695f766172737c613a313a7b733a31333a22666c6173685f6d657373616765223b733a333a226f6c64223b7d),
('kchie4s5qeos5hirkdj9m1ec0kj096ba', '::1', 1721932213, 0x5f5f63695f6c6173745f726567656e65726174657c693a313732313933323231333b6163746976655f7363686f6f6c5f69647c733a313a2231223b757365725f6c6f67696e5f747970657c623a313b73747564656e745f6c6f67696e7c623a313b757365725f69647c733a313a2233223b7363686f6f6c5f69647c733a313a2231223b757365725f6e616d657c733a31323a2252616b657368205665726d61223b757365725f747970657c733a373a2273747564656e74223b666c6173685f6d6573736167657c733a31323a2257656c636f6d65206261636b223b5f5f63695f766172737c613a313a7b733a31333a22666c6173685f6d657373616765223b733a333a226f6c64223b7d),
('22dau2r062ve7hk9bjja9soos4ms4a0i', '::1', 1721932811, 0x5f5f63695f6c6173745f726567656e65726174657c693a313732313933323831313b6163746976655f7363686f6f6c5f69647c733a313a2231223b757365725f6c6f67696e5f747970657c623a313b73747564656e745f6c6f67696e7c623a313b757365725f69647c733a313a2233223b7363686f6f6c5f69647c733a313a2231223b757365725f6e616d657c733a31323a2252616b657368205665726d61223b757365725f747970657c733a373a2273747564656e74223b666c6173685f6d6573736167657c733a31323a2257656c636f6d65206261636b223b5f5f63695f766172737c613a313a7b733a31333a22666c6173685f6d657373616765223b733a333a226f6c64223b7d),
('t4apn8nreuhp89fhrtecncnkcp8odm2k', '::1', 1721933176, 0x5f5f63695f6c6173745f726567656e65726174657c693a313732313933333137363b6163746976655f7363686f6f6c5f69647c733a313a2231223b757365725f6c6f67696e5f747970657c623a313b73747564656e745f6c6f67696e7c623a313b757365725f69647c733a313a2233223b7363686f6f6c5f69647c733a313a2231223b757365725f6e616d657c733a31323a2252616b657368205665726d61223b757365725f747970657c733a373a2273747564656e74223b666c6173685f6d6573736167657c733a31323a2257656c636f6d65206261636b223b5f5f63695f766172737c613a313a7b733a31333a22666c6173685f6d657373616765223b733a333a226f6c64223b7d),
('m1bh8ekdd05q1r2qi61q2km2g6rm4ho1', '::1', 1721933494, 0x5f5f63695f6c6173745f726567656e65726174657c693a313732313933333439343b6163746976655f7363686f6f6c5f69647c733a313a2231223b757365725f6c6f67696e5f747970657c623a313b73747564656e745f6c6f67696e7c623a313b757365725f69647c733a313a2233223b7363686f6f6c5f69647c733a313a2231223b757365725f6e616d657c733a31323a2252616b657368205665726d61223b757365725f747970657c733a373a2273747564656e74223b666c6173685f6d6573736167657c733a31323a2257656c636f6d65206261636b223b5f5f63695f766172737c613a313a7b733a31333a22666c6173685f6d657373616765223b733a333a226f6c64223b7d),
('3tsbeurker5n7le552ltdsvd0qsbihh4', '::1', 1721933849, 0x5f5f63695f6c6173745f726567656e65726174657c693a313732313933333834393b6163746976655f7363686f6f6c5f69647c733a313a2231223b757365725f6c6f67696e5f747970657c623a313b73747564656e745f6c6f67696e7c623a313b757365725f69647c733a313a2233223b7363686f6f6c5f69647c733a313a2231223b757365725f6e616d657c733a31323a2252616b657368205665726d61223b757365725f747970657c733a373a2273747564656e74223b666c6173685f6d6573736167657c733a31323a2257656c636f6d65206261636b223b5f5f63695f766172737c613a313a7b733a31333a22666c6173685f6d657373616765223b733a333a226f6c64223b7d),
('l4q8in94ft4jpjrgv480uth12o2i3dog', '::1', 1721933972, 0x5f5f63695f6c6173745f726567656e65726174657c693a313732313933333834393b6163746976655f7363686f6f6c5f69647c733a313a2231223b757365725f6c6f67696e5f747970657c623a313b73747564656e745f6c6f67696e7c623a313b757365725f69647c733a313a2233223b7363686f6f6c5f69647c733a313a2231223b757365725f6e616d657c733a31323a2252616b657368205665726d61223b757365725f747970657c733a373a2273747564656e74223b666c6173685f6d6573736167657c733a31323a2257656c636f6d65206261636b223b5f5f63695f766172737c613a313a7b733a31333a22666c6173685f6d657373616765223b733a333a226f6c64223b7d),
('te5llu37au0i2oj6rd4j8bjje1fcapu0', '::1', 1721933939, 0x5f5f63695f6c6173745f726567656e65726174657c693a313732313933333933393b757365725f6c6f67696e5f747970657c623a313b61646d696e5f6c6f67696e7c623a313b757365725f69647c733a313a2232223b7363686f6f6c5f69647c733a313a2231223b757365725f6e616d657c733a31333a225379656420416d697220416c69223b757365725f747970657c733a353a2261646d696e223b666c6173685f6d6573736167657c733a31323a2257656c636f6d65206261636b223b5f5f63695f766172737c613a313a7b733a31333a22666c6173685f6d657373616765223b733a333a226f6c64223b7d),
('8e3abn9ngreo4c2pl0bnn501i7vfj1cf', '::1', 1721989070, 0x5f5f63695f6c6173745f726567656e65726174657c693a313732313938383837313b6163746976655f7363686f6f6c5f69647c733a313a2231223b757365725f6c6f67696e5f747970657c623a313b61646d696e5f6c6f67696e7c623a313b757365725f69647c733a313a2232223b7363686f6f6c5f69647c733a313a2231223b757365725f6e616d657c733a31333a225379656420416d697220416c69223b757365725f747970657c733a353a2261646d696e223b666c6173685f6d6573736167657c733a31323a2257656c636f6d65206261636b223b5f5f63695f766172737c613a313a7b733a31333a22666c6173685f6d657373616765223b733a333a226f6c64223b7d),
('7k68mhb0vd9i8c6hig91ps1c7oqcc4hi', '::1', 1721989522, 0x5f5f63695f6c6173745f726567656e65726174657c693a313732313938393532323b6163746976655f7363686f6f6c5f69647c733a313a2231223b757365725f6c6f67696e5f747970657c623a313b73747564656e745f6c6f67696e7c623a313b757365725f69647c733a323a223333223b7363686f6f6c5f69647c733a313a2231223b757365725f6e616d657c733a333a226b7970223b757365725f747970657c733a373a2273747564656e74223b666c6173685f6d6573736167657c733a31323a2257656c636f6d65206261636b223b5f5f63695f766172737c613a313a7b733a31333a22666c6173685f6d657373616765223b733a333a226f6c64223b7d),
('66lu3rlmta74uki9iiqrkb2tpat5ovtt', '::1', 1721989566, 0x5f5f63695f6c6173745f726567656e65726174657c693a313732313938393532323b6163746976655f7363686f6f6c5f69647c733a313a2231223b757365725f6c6f67696e5f747970657c623a313b73747564656e745f6c6f67696e7c623a313b757365725f69647c733a323a223333223b7363686f6f6c5f69647c733a313a2231223b757365725f6e616d657c733a333a226b7970223b757365725f747970657c733a373a2273747564656e74223b666c6173685f6d6573736167657c733a31323a2257656c636f6d65206261636b223b5f5f63695f766172737c613a313a7b733a31333a22666c6173685f6d657373616765223b733a333a226f6c64223b7d),
('es4s3hgej3p1q2tupthj50vnrg9ni2gm', '::1', 1721997024, 0x5f5f63695f6c6173745f726567656e65726174657c693a313732313939373032343b757365725f6c6f67696e5f747970657c623a313b61646d696e5f6c6f67696e7c623a313b757365725f69647c733a313a2232223b7363686f6f6c5f69647c733a313a2231223b757365725f6e616d657c733a31333a225379656420416d697220416c69223b757365725f747970657c733a353a2261646d696e223b666c6173685f6d6573736167657c733a31323a2257656c636f6d65206261636b223b5f5f63695f766172737c613a313a7b733a31333a22666c6173685f6d657373616765223b733a333a226f6c64223b7d),
('8389rmvgbnb4r3j2jmhue5rafga0j2ho', '::1', 1721997224, 0x5f5f63695f6c6173745f726567656e65726174657c693a313732313939373032343b757365725f6c6f67696e5f747970657c623a313b61646d696e5f6c6f67696e7c623a313b757365725f69647c733a313a2232223b7363686f6f6c5f69647c733a313a2231223b757365725f6e616d657c733a31333a225379656420416d697220416c69223b757365725f747970657c733a353a2261646d696e223b666c6173685f6d6573736167657c733a31323a2257656c636f6d65206261636b223b5f5f63695f766172737c613a313a7b733a31333a22666c6173685f6d657373616765223b733a333a226f6c64223b7d),
('92oqdan3k6bd9j7q08adto88ni17bor1', '::1', 1722001892, 0x5f5f63695f6c6173745f726567656e65726174657c693a313732323030313839323b757365725f6c6f67696e5f747970657c623a313b61646d696e5f6c6f67696e7c623a313b757365725f69647c733a313a2232223b7363686f6f6c5f69647c733a313a2231223b757365725f6e616d657c733a31333a225379656420416d697220416c69223b757365725f747970657c733a353a2261646d696e223b666c6173685f6d6573736167657c733a31323a2257656c636f6d65206261636b223b5f5f63695f766172737c613a313a7b733a31333a22666c6173685f6d657373616765223b733a333a226f6c64223b7d),
('81d9i10lefo1222qqb0frk3ttj00qgvk', '::1', 1722003982, 0x5f5f63695f6c6173745f726567656e65726174657c693a313732323030333938323b757365725f6c6f67696e5f747970657c623a313b61646d696e5f6c6f67696e7c623a313b757365725f69647c733a313a2232223b7363686f6f6c5f69647c733a313a2231223b757365725f6e616d657c733a31333a225379656420416d697220416c69223b757365725f747970657c733a353a2261646d696e223b666c6173685f6d6573736167657c733a31323a2257656c636f6d65206261636b223b5f5f63695f766172737c613a313a7b733a31333a22666c6173685f6d657373616765223b733a333a226f6c64223b7d),
('0en2oqtshrcp6b08opqc82gjjsjv1u1d', '::1', 1722004417, 0x5f5f63695f6c6173745f726567656e65726174657c693a313732323030343431373b757365725f6c6f67696e5f747970657c623a313b61646d696e5f6c6f67696e7c623a313b757365725f69647c733a313a2232223b7363686f6f6c5f69647c733a313a2231223b757365725f6e616d657c733a31333a225379656420416d697220416c69223b757365725f747970657c733a353a2261646d696e223b666c6173685f6d6573736167657c733a31323a2257656c636f6d65206261636b223b5f5f63695f766172737c613a313a7b733a31333a22666c6173685f6d657373616765223b733a333a226f6c64223b7d),
('f9avq5rg75nfcbpb0qn7rt8arn08ski0', '::1', 1722004791, 0x5f5f63695f6c6173745f726567656e65726174657c693a313732323030343739313b757365725f6c6f67696e5f747970657c623a313b61646d696e5f6c6f67696e7c623a313b757365725f69647c733a313a2232223b7363686f6f6c5f69647c733a313a2231223b757365725f6e616d657c733a31333a225379656420416d697220416c69223b757365725f747970657c733a353a2261646d696e223b666c6173685f6d6573736167657c733a31323a2257656c636f6d65206261636b223b5f5f63695f766172737c613a313a7b733a31333a22666c6173685f6d657373616765223b733a333a226f6c64223b7d),
('ucf6nh1vmg38t13upup6st9s3d54gjj6', '::1', 1722004857, 0x5f5f63695f6c6173745f726567656e65726174657c693a313732323030343739313b757365725f6c6f67696e5f747970657c623a313b61646d696e5f6c6f67696e7c623a313b757365725f69647c733a313a2232223b7363686f6f6c5f69647c733a313a2231223b757365725f6e616d657c733a31333a225379656420416d697220416c69223b757365725f747970657c733a353a2261646d696e223b666c6173685f6d6573736167657c733a31323a2257656c636f6d65206261636b223b5f5f63695f766172737c613a313a7b733a31333a22666c6173685f6d657373616765223b733a333a226f6c64223b7d),
('s317r6uem9nrqleioqhdiqef3rdbf99q', '::1', 1722073026, 0x5f5f63695f6c6173745f726567656e65726174657c693a313732323037333032363b6163746976655f7363686f6f6c5f69647c733a313a2231223b);

-- --------------------------------------------------------

--
-- Table structure for table `classes`
--

DROP TABLE IF EXISTS `classes`;
CREATE TABLE IF NOT EXISTS `classes` (
  `id` int UNSIGNED NOT NULL AUTO_INCREMENT,
  `name` varchar(255) COLLATE utf8mb3_unicode_ci DEFAULT NULL,
  `school_id` int DEFAULT NULL,
  PRIMARY KEY (`id`)
) ENGINE=InnoDB AUTO_INCREMENT=17 DEFAULT CHARSET=utf8mb3 COLLATE=utf8mb3_unicode_ci;

--
-- Dumping data for table `classes`
--

INSERT INTO `classes` (`id`, `name`, `school_id`) VALUES
(1, 'Class 1', 1),
(2, 'Class 2', 1),
(3, 'Class 3', 1),
(4, 'Class 4', 1),
(5, 'Class 5', 1),
(6, 'Class 6', 1),
(7, 'Class 7', 1),
(9, 'Class 9', 1),
(10, 'Class 10', 1),
(11, 'class 11', 1),
(12, 'Class 12', 1),
(14, 'Class 8', 1),
(15, 'ten', 1),
(16, 'v', 1);

-- --------------------------------------------------------

--
-- Table structure for table `classwork`
--

DROP TABLE IF EXISTS `classwork`;
CREATE TABLE IF NOT EXISTS `classwork` (
  `id` int NOT NULL AUTO_INCREMENT,
  `student_id` int DEFAULT NULL,
  `subject_id` int DEFAULT NULL,
  `class_id` int DEFAULT NULL,
  `section_id` int DEFAULT NULL,
  `exam_id` int DEFAULT NULL,
  `mark_obtained` decimal(5,2) DEFAULT '0.00',
  `comment` text COLLATE utf8mb4_unicode_ci,
  `session` varchar(20) COLLATE utf8mb4_unicode_ci DEFAULT NULL,
  `school_id` int DEFAULT NULL,
  PRIMARY KEY (`id`)
) ENGINE=InnoDB AUTO_INCREMENT=18 DEFAULT CHARSET=utf8mb4 COLLATE=utf8mb4_unicode_ci;

--
-- Dumping data for table `classwork`
--

INSERT INTO `classwork` (`id`, `student_id`, `subject_id`, `class_id`, `section_id`, `exam_id`, `mark_obtained`, `comment`, `session`, `school_id`) VALUES
(1, 9, 1, 1, 1, 4, 0.00, NULL, '1', 1),
(2, 10, 1, 1, 1, 4, 0.00, NULL, '1', 1),
(3, 11, 1, 1, 1, 4, 0.00, NULL, '1', 1),
(4, 12, 1, 1, 1, 4, 0.00, NULL, '1', 1),
(5, 13, 1, 1, 1, 4, 0.00, NULL, '1', 1),
(6, 15, 4, 2, 2, 4, 90.00, '', '1', 1),
(7, 16, 4, 2, 2, 4, 0.00, NULL, '1', 1),
(8, 15, 4, 2, 2, 2, 0.00, NULL, '1', 1),
(9, 16, 4, 2, 2, 2, 0.00, NULL, '1', 1),
(10, 9, 1, 1, 1, 1, 50.00, '', '1', 1),
(11, 10, 1, 1, 1, 1, 0.00, NULL, '1', 1),
(12, 11, 1, 1, 1, 1, 0.00, NULL, '1', 1),
(13, 12, 1, 1, 1, 1, 0.00, NULL, '1', 1),
(14, 13, 1, 1, 1, 1, 0.00, NULL, '1', 1),
(15, 15, 4, 2, 2, 3, 0.00, NULL, '1', 1),
(16, 16, 4, 2, 2, 3, 0.00, NULL, '1', 1),
(17, 14, 1, 1, 12, 1, 0.00, NULL, '1', 1);

-- --------------------------------------------------------

--
-- Table structure for table `class_rooms`
--

DROP TABLE IF EXISTS `class_rooms`;
CREATE TABLE IF NOT EXISTS `class_rooms` (
  `id` int UNSIGNED NOT NULL AUTO_INCREMENT,
  `name` varchar(255) COLLATE utf8mb3_unicode_ci DEFAULT NULL,
  `school_id` int DEFAULT NULL,
  PRIMARY KEY (`id`)
) ENGINE=InnoDB AUTO_INCREMENT=9 DEFAULT CHARSET=utf8mb3 COLLATE=utf8mb3_unicode_ci;

--
-- Dumping data for table `class_rooms`
--

INSERT INTO `class_rooms` (`id`, `name`, `school_id`) VALUES
(1, 'Room 101', 1),
(2, 'Room 102', 1),
(3, 'Room 103', 1),
(4, 'Room 104', 1),
(5, 'Room 105', 1),
(6, 'Room 106', 1),
(7, 'room 201', 1),
(8, 'Room 203', 1);

-- --------------------------------------------------------

--
-- Table structure for table `complaint`
--

DROP TABLE IF EXISTS `complaint`;
CREATE TABLE IF NOT EXISTS `complaint` (
  `id` int NOT NULL AUTO_INCREMENT,
  `class_id` int NOT NULL,
  `section_id` int NOT NULL,
  `student_id` int NOT NULL,
  `teacher_id` int NOT NULL,
  `complaint_by` varchar(50) CHARACTER SET utf8mb4 COLLATE utf8mb4_general_ci NOT NULL,
  `complaint_date` date NOT NULL,
  `complaint_desc` varchar(255) CHARACTER SET utf8mb4 COLLATE utf8mb4_general_ci NOT NULL,
  `status` int NOT NULL,
  PRIMARY KEY (`id`)
) ENGINE=InnoDB AUTO_INCREMENT=12 DEFAULT CHARSET=utf8mb4 COLLATE=utf8mb4_general_ci;

--
-- Dumping data for table `complaint`
--

INSERT INTO `complaint` (`id`, `class_id`, `section_id`, `student_id`, `teacher_id`, `complaint_by`, `complaint_date`, `complaint_desc`, `status`) VALUES
(8, 1, 1, 16, 9, 'demo1', '2024-07-22', 'desc', 1),
(9, 2, 2, 4, 9, 'demo1', '2024-07-23', 'description', 0),
(11, 1, 1, 16, 9, 'Students', '2024-07-23', 'Worst', 1);

-- --------------------------------------------------------

--
-- Table structure for table `daily_attendances`
--

DROP TABLE IF EXISTS `daily_attendances`;
CREATE TABLE IF NOT EXISTS `daily_attendances` (
  `id` int NOT NULL AUTO_INCREMENT,
  `timestamp` varchar(255) COLLATE utf8mb3_unicode_ci DEFAULT NULL,
  `class_id` int DEFAULT NULL,
  `section_id` int DEFAULT NULL,
  `student_id` int DEFAULT NULL,
  `status` int DEFAULT NULL,
  `session_id` varchar(255) COLLATE utf8mb3_unicode_ci DEFAULT NULL,
  `school_id` int NOT NULL,
  PRIMARY KEY (`id`)
) ENGINE=InnoDB AUTO_INCREMENT=29 DEFAULT CHARSET=utf8mb3 COLLATE=utf8mb3_unicode_ci;

--
-- Dumping data for table `daily_attendances`
--

INSERT INTO `daily_attendances` (`id`, `timestamp`, `class_id`, `section_id`, `student_id`, `status`, `session_id`, `school_id`) VALUES
(1, '1716228000', 1, 1, 1, 1, '1', 1),
(2, '1716228000', 1, 1, 2, 1, '1', 1),
(3, '1716228000', 1, 1, 3, 1, '1', 1),
(4, '1716400800', 1, 1, 1, 0, '1', 1),
(5, '1716400800', 1, 1, 2, 0, '1', 1),
(6, '1716400800', 1, 1, 3, 1, '1', 1),
(7, '1716400800', 1, 1, 4, 1, '1', 1),
(8, '1716400800', 1, 1, 5, 1, '1', 1),
(9, '1720029600', 1, 1, 9, 1, '1', 1),
(10, '1720029600', 1, 1, 10, 0, '1', 1),
(11, '1720029600', 1, 1, 11, 1, '1', 1),
(12, '1720029600', 1, 1, 12, 0, '1', 1),
(13, '1720029600', 1, 1, 13, 1, '1', 1),
(14, '1721066400', 1, 1, 9, 1, '1', 1),
(15, '1721066400', 1, 1, 10, 1, '1', 1),
(16, '1721066400', 1, 1, 11, 1, '1', 1),
(17, '1721066400', 1, 1, 12, 1, '1', 1),
(18, '1721066400', 1, 1, 13, 1, '1', 1),
(19, '1721152800', 1, 1, 9, 1, '1', 1),
(20, '1721152800', 1, 1, 10, 1, '1', 1),
(21, '1721152800', 1, 1, 11, 1, '1', 1),
(22, '1721152800', 1, 1, 12, 1, '1', 1),
(23, '1721152800', 1, 1, 13, 0, '1', 1),
(24, '1720980000', 1, 1, 9, 0, '1', 1),
(25, '1720980000', 1, 1, 10, 1, '1', 1),
(26, '1720980000', 1, 1, 11, 1, '1', 1),
(27, '1720980000', 1, 1, 12, 1, '1', 1),
(28, '1720980000', 1, 1, 13, 1, '1', 1);

-- --------------------------------------------------------

--
-- Table structure for table `departments`
--

DROP TABLE IF EXISTS `departments`;
CREATE TABLE IF NOT EXISTS `departments` (
  `id` int UNSIGNED NOT NULL AUTO_INCREMENT,
  `name` varchar(255) COLLATE utf8mb3_unicode_ci DEFAULT NULL,
  `school_id` int NOT NULL,
  PRIMARY KEY (`id`)
) ENGINE=InnoDB AUTO_INCREMENT=6 DEFAULT CHARSET=utf8mb3 COLLATE=utf8mb3_unicode_ci;

--
-- Dumping data for table `departments`
--

INSERT INTO `departments` (`id`, `name`, `school_id`) VALUES
(1, 'Maths', 1),
(2, 'Science', 1),
(3, 'SST', 1),
(4, 'history', 1),
(5, 'chemistry', 1);

-- --------------------------------------------------------

--
-- Table structure for table `enrols`
--

DROP TABLE IF EXISTS `enrols`;
CREATE TABLE IF NOT EXISTS `enrols` (
  `id` int UNSIGNED NOT NULL AUTO_INCREMENT,
  `student_id` int DEFAULT NULL,
  `class_id` int DEFAULT NULL,
  `section_id` int DEFAULT NULL,
  `school_id` int DEFAULT NULL,
  `session` varchar(255) COLLATE utf8mb3_unicode_ci DEFAULT NULL,
  PRIMARY KEY (`id`)
) ENGINE=InnoDB AUTO_INCREMENT=17 DEFAULT CHARSET=utf8mb3 COLLATE=utf8mb3_unicode_ci ROW_FORMAT=COMPACT;

--
-- Dumping data for table `enrols`
--

INSERT INTO `enrols` (`id`, `student_id`, `class_id`, `section_id`, `school_id`, `session`) VALUES
(1, 1, 2, 2, 1, '2'),
(2, 2, 2, 2, 1, '2'),
(3, 3, 1, 1, 1, '2'),
(4, 4, 1, 1, 1, '2'),
(5, 5, 2, 2, 1, '2'),
(6, 6, 12, 18, 1, '1'),
(7, 7, 2, 2, 1, '2'),
(8, 8, 2, 2, 1, '2'),
(9, 9, 1, 1, 1, '1'),
(10, 10, 1, 1, 1, '1'),
(11, 11, 1, 1, 1, '1'),
(12, 12, 1, 1, 1, '1'),
(13, 13, 1, 1, 1, '1'),
(14, 14, 1, 12, 1, '1'),
(15, 15, 2, 2, 1, '1'),
(16, 16, 1, 1, 1, '1');

-- --------------------------------------------------------

--
-- Table structure for table `event_calendars`
--

DROP TABLE IF EXISTS `event_calendars`;
CREATE TABLE IF NOT EXISTS `event_calendars` (
  `id` int NOT NULL AUTO_INCREMENT,
  `title` longtext COLLATE utf8mb3_unicode_ci,
  `starting_date` varchar(255) COLLATE utf8mb3_unicode_ci DEFAULT NULL,
  `ending_date` varchar(255) COLLATE utf8mb3_unicode_ci DEFAULT NULL,
  `school_id` int DEFAULT NULL,
  `session` int DEFAULT NULL,
  PRIMARY KEY (`id`)
) ENGINE=InnoDB AUTO_INCREMENT=4 DEFAULT CHARSET=utf8mb3 COLLATE=utf8mb3_unicode_ci;

--
-- Dumping data for table `event_calendars`
--

INSERT INTO `event_calendars` (`id`, `title`, `starting_date`, `ending_date`, `school_id`, `session`) VALUES
(1, 'Annual Sports', '05/21/2024 00:00:1', '05/31/2024 23:59:59', 1, 1),
(2, 'Unit Test 1', '07/01/2024 00:00:1', '07/31/2024 23:59:59', 1, 1),
(3, 'Half Yearly Exam', '06/01/2024 00:00:1', '06/20/2024 23:59:59', 1, 1);

-- --------------------------------------------------------

--
-- Table structure for table `exams`
--

DROP TABLE IF EXISTS `exams`;
CREATE TABLE IF NOT EXISTS `exams` (
  `id` int UNSIGNED NOT NULL AUTO_INCREMENT,
  `name` varchar(255) COLLATE utf8mb3_unicode_ci DEFAULT NULL,
  `starting_date` varchar(255) COLLATE utf8mb3_unicode_ci DEFAULT NULL,
  `ending_date` varchar(255) COLLATE utf8mb3_unicode_ci DEFAULT NULL,
  `school_id` int DEFAULT NULL,
  `session` varchar(255) COLLATE utf8mb3_unicode_ci DEFAULT NULL,
  PRIMARY KEY (`id`)
) ENGINE=InnoDB AUTO_INCREMENT=6 DEFAULT CHARSET=utf8mb3 COLLATE=utf8mb3_unicode_ci;

--
-- Dumping data for table `exams`
--

INSERT INTO `exams` (`id`, `name`, `starting_date`, `ending_date`, `school_id`, `session`) VALUES
(1, 'Quarter 1', '1727719200', '1735581600', 1, '1'),
(2, 'Quarter 2', '1711908000', '1719684000', 1, '1'),
(3, 'Quarter 3', '1719770400', '1727632800', 1, '1'),
(4, 'Quarter 4', '1704045600', '1711821600', 1, '1'),
(5, 'New test Exam201', '1721844000', '1721844000', 1, '1');

-- --------------------------------------------------------

--
-- Table structure for table `expenses`
--

DROP TABLE IF EXISTS `expenses`;
CREATE TABLE IF NOT EXISTS `expenses` (
  `id` int UNSIGNED NOT NULL AUTO_INCREMENT,
  `expense_category_id` int DEFAULT NULL,
  `date` int DEFAULT NULL,
  `amount` varchar(255) COLLATE utf8mb3_unicode_ci DEFAULT NULL,
  `school_id` int DEFAULT NULL,
  `session` varchar(255) COLLATE utf8mb3_unicode_ci DEFAULT '',
  `created_at` int DEFAULT NULL,
  `updated_at` int DEFAULT NULL,
  PRIMARY KEY (`id`)
) ENGINE=InnoDB DEFAULT CHARSET=utf8mb3 COLLATE=utf8mb3_unicode_ci;

-- --------------------------------------------------------

--
-- Table structure for table `expense_categories`
--

DROP TABLE IF EXISTS `expense_categories`;
CREATE TABLE IF NOT EXISTS `expense_categories` (
  `id` int UNSIGNED NOT NULL AUTO_INCREMENT,
  `name` varchar(255) COLLATE utf8mb3_unicode_ci DEFAULT NULL,
  `school_id` int DEFAULT NULL,
  `session` varchar(255) COLLATE utf8mb3_unicode_ci DEFAULT NULL,
  PRIMARY KEY (`id`)
) ENGINE=InnoDB DEFAULT CHARSET=utf8mb3 COLLATE=utf8mb3_unicode_ci;

-- --------------------------------------------------------

--
-- Table structure for table `frontend_events`
--

DROP TABLE IF EXISTS `frontend_events`;
CREATE TABLE IF NOT EXISTS `frontend_events` (
  `frontend_events_id` int NOT NULL AUTO_INCREMENT,
  `title` text COLLATE utf8mb3_unicode_ci,
  `timestamp` int NOT NULL,
  `status` int NOT NULL DEFAULT '0' COMMENT '0-inactive, 1-active',
  `school_id` int NOT NULL,
  `created_by` int NOT NULL,
  PRIMARY KEY (`frontend_events_id`)
) ENGINE=InnoDB DEFAULT CHARSET=utf8mb3 COLLATE=utf8mb3_unicode_ci;

-- --------------------------------------------------------

--
-- Table structure for table `frontend_gallery`
--

DROP TABLE IF EXISTS `frontend_gallery`;
CREATE TABLE IF NOT EXISTS `frontend_gallery` (
  `frontend_gallery_id` int NOT NULL AUTO_INCREMENT,
  `title` text COLLATE utf8mb3_unicode_ci,
  `description` longtext COLLATE utf8mb3_unicode_ci,
  `date_added` int DEFAULT NULL,
  `image` text COLLATE utf8mb3_unicode_ci,
  `show_on_website` int NOT NULL DEFAULT '0' COMMENT '0-no 1-yes',
  `school_id` int DEFAULT NULL,
  PRIMARY KEY (`frontend_gallery_id`)
) ENGINE=InnoDB DEFAULT CHARSET=utf8mb3 COLLATE=utf8mb3_unicode_ci;

-- --------------------------------------------------------

--
-- Table structure for table `frontend_gallery_image`
--

DROP TABLE IF EXISTS `frontend_gallery_image`;
CREATE TABLE IF NOT EXISTS `frontend_gallery_image` (
  `frontend_gallery_image_id` int NOT NULL AUTO_INCREMENT,
  `frontend_gallery_id` int DEFAULT NULL,
  `title` text COLLATE utf8mb3_unicode_ci,
  `image` text COLLATE utf8mb3_unicode_ci,
  PRIMARY KEY (`frontend_gallery_image_id`)
) ENGINE=InnoDB DEFAULT CHARSET=utf8mb3 COLLATE=utf8mb3_unicode_ci;

-- --------------------------------------------------------

--
-- Table structure for table `frontend_settings`
--

DROP TABLE IF EXISTS `frontend_settings`;
CREATE TABLE IF NOT EXISTS `frontend_settings` (
  `id` int NOT NULL AUTO_INCREMENT,
  `about_us` longtext COLLATE utf8mb3_unicode_ci,
  `terms_conditions` longtext COLLATE utf8mb3_unicode_ci,
  `privacy_policy` longtext COLLATE utf8mb3_unicode_ci,
  `social_links` longtext COLLATE utf8mb3_unicode_ci,
  `copyright_text` longtext COLLATE utf8mb3_unicode_ci,
  `about_us_image` longtext COLLATE utf8mb3_unicode_ci,
  `slider_images` longtext COLLATE utf8mb3_unicode_ci,
  `theme` longtext COLLATE utf8mb3_unicode_ci,
  `homepage_note_title` longtext COLLATE utf8mb3_unicode_ci,
  `homepage_note_description` longtext COLLATE utf8mb3_unicode_ci,
  `website_title` varchar(255) COLLATE utf8mb3_unicode_ci DEFAULT NULL,
  PRIMARY KEY (`id`)
) ENGINE=InnoDB AUTO_INCREMENT=2 DEFAULT CHARSET=utf8mb3 COLLATE=utf8mb3_unicode_ci;

--
-- Dumping data for table `frontend_settings`
--

INSERT INTO `frontend_settings` (`id`, `about_us`, `terms_conditions`, `privacy_policy`, `social_links`, `copyright_text`, `about_us_image`, `slider_images`, `theme`, `homepage_note_title`, `homepage_note_description`, `website_title`) VALUES
(1, '&lt;h1&gt;About Our Schools&lt;/h1&gt;It is a long established fact that a reader will be distracted by the readable content of a page when looking at its layout. The point of using Lorem Ipsum is that it has a more-or-less normal distribution of letters, as opposed to using &#039;Content here, content here&#039;, making it look like readable English.&amp;nbsp;&lt;span&gt;It is a long established fact that a reader will be distracted by the readable content of a page when looking at its layout. The point of using Lorem Ipsum is that it has a more-or-less normal distribution of letters, as opposed to using &#039;Content here, content here&#039;, making it look like readable English.&lt;br&gt;&lt;/span&gt;&lt;h3&gt;Our school historys&lt;/h3&gt;&lt;span&gt;Contrary to popular belief, Lorem Ipsum is not simply random text. It has roots in a piece of classical Latin literature from 45 BC, making it over 2000 years old. Richard McClintock, a Latin professor at Hampden-Sydney College in Virginia, looked up one of the more obscure Latin words, consectetur, from a Lorem Ipsum passage, and going through the cites of the word in classical literature, discovered the undoubtable source.&lt;br&gt;&lt;/span&gt;&lt;h3&gt;Something interesting about our schools&lt;/h3&gt;&lt;span&gt;There are many variations of passages of Lorem Ipsum available, but the majority have suffered alteration in some form, by injected humour, or randomised words which don&#039;t look even slightly believable. If you are going to use a passage&lt;br&gt;&lt;/span&gt;&lt;br&gt;&lt;ul&gt;&lt;li&gt;making this the first true generator&lt;/li&gt;&lt;li&gt;to generate Lorem Ipsum which&lt;/li&gt;&lt;li&gt;but the majority have suffered alteratio&lt;/li&gt;&lt;li&gt;is that it has a more-or-less&lt;/li&gt;&lt;/ul&gt;All the Lorem Ipsum generators on the Internet tend to repeat predefined chunks as necessary, making this the first true generator on the Internet.&lt;br&gt;&lt;br&gt;&lt;br&gt;', '&lt;h1&gt;Terms of our school&lt;/h1&gt;It is a long established fact that a reader will be distracted by the readable content of a page when looking at its layout. The point of using Lorem Ipsum is that it has a more-or-less normal distribution of letters, as opposed to using &#039;Content here, content here&#039;, making it look like readable English.&amp;nbsp;&lt;span&gt;It is a long established fact that a reader will be distracted by the readable content of a page when looking at its layout. The point of using Lorem Ipsum is that it has a more-or-less normal distribution of letters, as opposed to using &#039;Content here, content here&#039;, making it look like readable English.&lt;br&gt;&lt;/span&gt;&lt;h3&gt;Our school history&lt;/h3&gt;&lt;span&gt;Contrary to popular belief, Lorem Ipsum is not simply random text. It has roots in a piece of classical Latin literature from 45 BC, making it over 2000 years old. Richard McClintock, a Latin professor at Hampden-Sydney College in Virginia, looked up one of the more obscure Latin words, consectetur, from a Lorem Ipsum passage, and going through the cites of the word in classical literature, discovered the undoubtable source.&lt;br&gt;&lt;/span&gt;&lt;h3&gt;Something interesting about our school&lt;/h3&gt;&lt;span&gt;There are many variations of passages of Lorem Ipsum available, but the majority have suffered alteration in some form, by injected humour, or randomised words which don&#039;t look even slightly believable. If you are going to use a passage&lt;br&gt;&lt;/span&gt;&lt;br&gt;&lt;ul&gt;&lt;li&gt;making this the first true generator&lt;/li&gt;&lt;li&gt;to generate Lorem Ipsum which&lt;/li&gt;&lt;li&gt;but the majority have suffered alteratio&lt;/li&gt;&lt;li&gt;is that it has a more-or-less&lt;/li&gt;&lt;/ul&gt;All the Lorem Ipsum generators on the Internet tend to repeat predefined chunks as necessary, making this the first true generator on the Internet.&lt;br&gt;&lt;br&gt;&lt;br&gt;', '&lt;h1&gt;Privacy policy of our school&lt;/h1&gt;It is a long established fact that a reader will be distracted by the readable content of a page when looking at its layout. The point of using Lorem Ipsum is that it has a more-or-less normal distribution of letters, as opposed to using &#039;Content here, content here&#039;, making it look like readable English.&amp;nbsp;&lt;span&gt;It is a long established fact that a reader will be distracted by the readable content of a page when looking at its layout. The point of using Lorem Ipsum is that it has a more-or-less normal distribution of letters, as opposed to using &#039;Content here, content here&#039;, making it look like readable English.&lt;br&gt;&lt;/span&gt;&lt;h3&gt;Our school history&lt;/h3&gt;&lt;span&gt;Contrary to popular belief, Lorem Ipsum is not simply random text. It has roots in a piece of classical Latin literature from 45 BC, making it over 2000 years old. Richard McClintock, a Latin professor at Hampden-Sydney College in Virginia, looked up one of the more obscure Latin words, consectetur, from a Lorem Ipsum passage, and going through the cites of the word in classical literature, discovered the undoubtable source.&lt;br&gt;&lt;/span&gt;&lt;h3&gt;Something interesting about our school&lt;/h3&gt;&lt;span&gt;There are many variations of passages of Lorem Ipsum available, but the majority have suffered alteration in some form, by injected humour, or randomised words which don&#039;t look even slightly believable. If you are going to use a passage&lt;br&gt;&lt;/span&gt;&lt;br&gt;&lt;ul&gt;&lt;li&gt;making this the first true generator&lt;/li&gt;&lt;li&gt;to generate Lorem Ipsum which&lt;/li&gt;&lt;li&gt;but the majority have suffered alteratio&lt;/li&gt;&lt;li&gt;is that it has a more-or-less&lt;/li&gt;&lt;/ul&gt;All the Lorem Ipsum generators on the Internet tend to repeat predefined chunks as necessary, making this the first true generator on the Internet.&lt;br&gt;&lt;br&gt;&lt;br&gt;', '[{\"facebook\":\"http:\\/\\/www.facebook.com\\/Eduquest \",\"twitter\":\"http:\\/\\/www.twitter.com\\/Eduquest \",\"linkedin\":\"http:\\/\\/www.linkedin.com\\/Eduquest \",\"google\":\"http:\\/\\/www.google.com\\/Eduquest \",\"youtube\":\"http:\\/\\/www.youtube.com\\/Eduquest \",\"instagram\":\"http:\\/\\/www.instagram.com\\/Eduquest \"}]', 'All the rights reserved to Creativeitem', NULL, '[{\"title\":\"Education is the most powerful weapon\",\"description\":\"&quot;You can use education to change the world&quot; - &lt;i&gt;Nelson Mandela&lt;\\/i&gt;\",\"image\":\"slider1.jpg\"},{\"title\":\"Knowledge is power\",\"description\":\"&quot;Education is the premise of progress, in every society, in every family&quot; - &lt;i&gt;Kofi Annan&lt;\\/i&gt;\",\"image\":\"2.jpg\"},{\"title\":\"Have an aim in life, continuously acquire knowledge\",\"description\":\"&quot;Never stop fighting until you arrive at your destined place&quot; - &lt;i&gt;A.P.J. Abdul Kalam&lt;\\/i&gt;\",\"image\":\"1.jpg\"}]', 'ultimate', 'Welcome to EduQuest School Management Software', 'Eduquest is a public secondary school in Bellevue, Washington. It serves students in grades 912 in the southern part of the Bellevue School District, including the neighborhoods of Eastgate, Factoria, Newport Hills, Newport Shores, Somerset, The Summit, and Sunset. As of the 2014-2015 school year, the principal is Dion Yahoudy. The mascot is the Knight, and the school colors are scarlet and gold.', 'Eduquest ');

-- --------------------------------------------------------

--
-- Table structure for table `grades`
--

DROP TABLE IF EXISTS `grades`;
CREATE TABLE IF NOT EXISTS `grades` (
  `id` int UNSIGNED NOT NULL AUTO_INCREMENT,
  `name` varchar(255) COLLATE utf8mb3_unicode_ci DEFAULT NULL,
  `grade_point` varchar(255) COLLATE utf8mb3_unicode_ci DEFAULT NULL,
  `mark_from` varchar(255) COLLATE utf8mb3_unicode_ci DEFAULT NULL,
  `mark_upto` varchar(255) COLLATE utf8mb3_unicode_ci DEFAULT NULL,
  `comment` longtext COLLATE utf8mb3_unicode_ci,
  `school_id` int DEFAULT NULL,
  `session` varchar(255) COLLATE utf8mb3_unicode_ci DEFAULT NULL,
  `created_at` timestamp NULL DEFAULT NULL,
  `updated_at` timestamp NULL DEFAULT NULL,
  PRIMARY KEY (`id`)
) ENGINE=InnoDB AUTO_INCREMENT=11 DEFAULT CHARSET=utf8mb3 COLLATE=utf8mb3_unicode_ci;

--
-- Dumping data for table `grades`
--

INSERT INTO `grades` (`id`, `name`, `grade_point`, `mark_from`, `mark_upto`, `comment`, `school_id`, `session`, `created_at`, `updated_at`) VALUES
(7, 'A', '4', '90', '100', NULL, 1, '1', NULL, NULL),
(8, 'B', '3', '80', '89', NULL, 1, '1', NULL, NULL),
(9, 'C', '2', '60', '79', NULL, 1, '1', NULL, NULL),
(10, 'D', '1', '0', '59', NULL, 1, '1', NULL, NULL);

-- --------------------------------------------------------

--
-- Table structure for table `homework`
--

DROP TABLE IF EXISTS `homework`;
CREATE TABLE IF NOT EXISTS `homework` (
  `id` int NOT NULL AUTO_INCREMENT,
  `student_id` int DEFAULT NULL,
  `subject_id` int DEFAULT NULL,
  `class_id` int DEFAULT NULL,
  `section_id` int DEFAULT NULL,
  `exam_id` int DEFAULT NULL,
  `mark_obtained` decimal(5,2) DEFAULT NULL,
  `comment` text COLLATE utf8mb4_unicode_ci,
  `session` varchar(20) COLLATE utf8mb4_unicode_ci DEFAULT NULL,
  `school_id` int DEFAULT NULL,
  PRIMARY KEY (`id`)
) ENGINE=InnoDB AUTO_INCREMENT=7 DEFAULT CHARSET=utf8mb4 COLLATE=utf8mb4_unicode_ci;

--
-- Dumping data for table `homework`
--

INSERT INTO `homework` (`id`, `student_id`, `subject_id`, `class_id`, `section_id`, `exam_id`, `mark_obtained`, `comment`, `session`, `school_id`) VALUES
(1, 9, 1, 1, 1, 1, 50.00, '', '1', 1),
(2, 10, 1, 1, 1, 1, NULL, NULL, '1', 1),
(3, 11, 1, 1, 1, 1, NULL, NULL, '1', 1),
(4, 12, 1, 1, 1, 1, NULL, NULL, '1', 1),
(5, 13, 1, 1, 1, 1, NULL, NULL, '1', 1),
(6, 14, 1, 1, 12, 1, NULL, NULL, '1', 1);

-- --------------------------------------------------------

--
-- Table structure for table `invoices`
--

DROP TABLE IF EXISTS `invoices`;
CREATE TABLE IF NOT EXISTS `invoices` (
  `id` int NOT NULL AUTO_INCREMENT,
  `title` varchar(255) COLLATE utf8mb3_unicode_ci DEFAULT NULL,
  `total_amount` int DEFAULT NULL,
  `class_id` int DEFAULT NULL,
  `student_id` int DEFAULT NULL,
  `payment_method` longtext COLLATE utf8mb3_unicode_ci,
  `paid_amount` int DEFAULT NULL,
  `status` longtext COLLATE utf8mb3_unicode_ci,
  `school_id` int DEFAULT NULL,
  `session` varchar(255) COLLATE utf8mb3_unicode_ci DEFAULT NULL,
  `created_at` int DEFAULT NULL,
  `updated_at` int DEFAULT NULL COMMENT 'This column is all about payment taking date',
  PRIMARY KEY (`id`)
) ENGINE=MyISAM DEFAULT CHARSET=utf8mb3 COLLATE=utf8mb3_unicode_ci;

-- --------------------------------------------------------

--
-- Table structure for table `marks`
--

DROP TABLE IF EXISTS `marks`;
CREATE TABLE IF NOT EXISTS `marks` (
  `id` int UNSIGNED NOT NULL AUTO_INCREMENT,
  `student_id` int DEFAULT NULL,
  `subject_id` int DEFAULT NULL,
  `class_id` int DEFAULT NULL,
  `section_id` int DEFAULT NULL,
  `exam_id` int DEFAULT NULL,
  `mark_obtained` int DEFAULT '0',
  `comment` longtext COLLATE utf8mb3_unicode_ci,
  `session` int DEFAULT NULL,
  `school_id` int DEFAULT NULL,
  PRIMARY KEY (`id`)
) ENGINE=InnoDB AUTO_INCREMENT=111 DEFAULT CHARSET=utf8mb3 COLLATE=utf8mb3_unicode_ci;

--
-- Dumping data for table `marks`
--

INSERT INTO `marks` (`id`, `student_id`, `subject_id`, `class_id`, `section_id`, `exam_id`, `mark_obtained`, `comment`, `session`, `school_id`) VALUES
(1, 1, 1, 1, 1, 1, 75, 'good job', 1, 1),
(2, 2, 1, 1, 1, 1, 65, '', 1, 1),
(3, 3, 1, 1, 1, 1, 25, '', 1, 1),
(4, 4, 1, 1, 1, 1, 50, '', 1, 1),
(5, 5, 1, 1, 1, 1, 100, '', 1, 1),
(6, 1, 3, 1, 1, 1, 60, '', 1, 1),
(7, 2, 3, 1, 1, 1, 0, NULL, 1, 1),
(8, 3, 3, 1, 1, 1, 0, NULL, 1, 1),
(9, 4, 3, 1, 1, 1, 0, '', 1, 1),
(10, 5, 3, 1, 1, 1, 0, NULL, 1, 1),
(11, 1, 2, 1, 1, 1, 50, '', 1, 1),
(12, 2, 2, 1, 1, 1, 0, NULL, 1, 1),
(13, 3, 2, 1, 1, 1, 0, NULL, 1, 1),
(14, 4, 2, 1, 1, 1, 0, NULL, 1, 1),
(15, 5, 2, 1, 1, 1, 0, NULL, 1, 1),
(16, 1, 1, 1, 1, 2, 90, '', 1, 1),
(17, 2, 1, 1, 1, 2, 80, '', 1, 1),
(18, 3, 1, 1, 1, 2, 90, '', 1, 1),
(19, 4, 1, 1, 1, 2, 85, '', 1, 1),
(20, 5, 1, 1, 1, 2, 75, '', 1, 1),
(21, 2, 2, 1, 1, 3, 0, NULL, 1, 1),
(22, 3, 2, 1, 1, 3, 0, NULL, 1, 1),
(23, 4, 2, 1, 1, 3, 0, NULL, 1, 1),
(24, 5, 2, 1, 1, 3, 0, NULL, 1, 1),
(25, 2, 1, 1, 1, 3, 0, NULL, 1, 1),
(26, 3, 1, 1, 1, 3, 0, NULL, 1, 1),
(27, 4, 1, 1, 1, 3, 0, NULL, 1, 1),
(28, 5, 1, 1, 1, 3, 0, NULL, 1, 1),
(29, 3, 2, 1, 1, 4, 90, '', 1, 1),
(30, 4, 2, 1, 1, 4, 90, '', 1, 1),
(31, 5, 2, 1, 1, 4, 80, '', 1, 1),
(32, 3, 1, 1, 1, 4, 70, '', 1, 1),
(33, 4, 1, 1, 1, 4, 50, '', 1, 1),
(34, 5, 1, 1, 1, 4, 90, '', 1, 1),
(35, 1, 4, 2, 2, 1, 0, NULL, 1, 1),
(36, 2, 4, 2, 2, 1, 0, NULL, 1, 1),
(37, 3, 3, 1, 1, 4, 50, '', 1, 1),
(38, 4, 3, 1, 1, 4, 80, '', 1, 1),
(39, 5, 3, 1, 1, 4, 90, '', 1, 1),
(40, 3, 9, 1, 1, 4, 20, '', 1, 1),
(41, 4, 9, 1, 1, 4, 50, '', 1, 1),
(42, 5, 9, 1, 1, 4, 80, '', 1, 1),
(43, 3, 10, 1, 1, 4, 50, '', 1, 1),
(44, 4, 10, 1, 1, 4, 50, '', 1, 1),
(45, 5, 10, 1, 1, 4, 50, '', 1, 1),
(46, 3, 12, 1, 1, 4, 50, '', 1, 1),
(47, 4, 12, 1, 1, 4, 80, '', 1, 1),
(48, 5, 12, 1, 1, 4, 90, '', 1, 1),
(49, 3, 10, 1, 1, 1, 0, NULL, 1, 1),
(50, 4, 10, 1, 1, 1, 0, NULL, 1, 1),
(51, 5, 10, 1, 1, 1, 0, NULL, 1, 1),
(52, 7, 1, 1, 1, 4, 0, NULL, 1, 1),
(53, 7, 1, 1, 12, 4, 0, NULL, 1, 1),
(54, 1, 4, 2, 2, 4, 100, '', 1, 1),
(55, 2, 4, 2, 2, 4, 80, '', 1, 1),
(56, 1, 5, 2, 2, 4, 89, '', 1, 1),
(57, 2, 5, 2, 2, 4, 90, '', 1, 1),
(58, 1, 6, 2, 2, 4, 90, '', 1, 1),
(59, 2, 6, 2, 2, 4, 80, '', 1, 1),
(60, 1, 7, 2, 2, 4, 40, '', 1, 1),
(61, 2, 7, 2, 2, 4, 20, '', 1, 1),
(62, 1, 13, 2, 2, 4, 50, '', 1, 1),
(63, 2, 13, 2, 2, 4, 90, '', 1, 1),
(64, 1, 14, 2, 2, 4, 80, '', 1, 1),
(65, 2, 14, 2, 2, 4, 10, '', 1, 1),
(66, 3, 2, 1, 1, 2, 90, '', 1, 1),
(67, 4, 2, 1, 1, 2, 95, '', 1, 1),
(68, 5, 2, 1, 1, 2, 96, '', 1, 1),
(69, 3, 3, 1, 1, 2, 80, '', 1, 1),
(70, 4, 3, 1, 1, 2, 85, '', 1, 1),
(71, 5, 3, 1, 1, 2, 95, '', 1, 1),
(72, 3, 9, 1, 1, 2, 80, '', 1, 1),
(73, 4, 9, 1, 1, 2, 90, '', 1, 1),
(74, 5, 9, 1, 1, 2, 85, '', 1, 1),
(75, 3, 10, 1, 1, 2, 50, '', 1, 1),
(76, 4, 10, 1, 1, 2, 50, '', 1, 1),
(77, 5, 10, 1, 1, 2, 50, '', 1, 1),
(78, 3, 12, 1, 1, 2, 90, '', 1, 1),
(79, 4, 12, 1, 1, 2, 95, '', 1, 1),
(80, 5, 12, 1, 1, 2, 85, '', 1, 1),
(81, 3, 9, 1, 1, 1, 0, NULL, 1, 1),
(82, 4, 9, 1, 1, 1, 0, NULL, 1, 1),
(83, 5, 9, 1, 1, 1, 0, NULL, 1, 1),
(84, 8, 1, 1, 1, 1, 100, '', 1, 1),
(85, 9, 1, 1, 1, 1, 50, '', 1, 1),
(86, 10, 1, 1, 1, 1, 100, '', 1, 1),
(87, 11, 1, 1, 1, 1, 85, '', 1, 1),
(88, 12, 1, 1, 1, 1, 71, '', 1, 1),
(89, 13, 1, 1, 1, 1, 99, '', 1, 1),
(90, 9, 1, 1, 1, 4, 0, NULL, 1, 1),
(91, 10, 1, 1, 1, 4, 0, NULL, 1, 1),
(92, 11, 1, 1, 1, 4, 0, NULL, 1, 1),
(93, 12, 1, 1, 1, 4, 0, NULL, 1, 1),
(94, 13, 1, 1, 1, 4, 0, NULL, 1, 1),
(95, 9, 0, 1, 1, 0, 0, NULL, 1, 1),
(96, 10, 0, 1, 1, 0, 0, NULL, 1, 1),
(97, 11, 0, 1, 1, 0, 0, NULL, 1, 1),
(98, 12, 0, 1, 1, 0, 0, NULL, 1, 1),
(99, 13, 0, 1, 1, 0, 0, NULL, 1, 1),
(100, 14, 0, 1, 12, 0, 0, NULL, 1, 1),
(101, 9, 3, 1, 1, 1, 0, NULL, 1, 1),
(102, 10, 3, 1, 1, 1, 0, NULL, 1, 1),
(103, 11, 3, 1, 1, 1, 0, NULL, 1, 1),
(104, 12, 3, 1, 1, 1, 0, NULL, 1, 1),
(105, 13, 3, 1, 1, 1, 0, NULL, 1, 1),
(106, 9, 1, 1, 1, 3, 0, NULL, 1, 1),
(107, 10, 1, 1, 1, 3, 0, NULL, 1, 1),
(108, 11, 1, 1, 1, 3, 0, NULL, 1, 1),
(109, 12, 1, 1, 1, 3, 0, NULL, 1, 1),
(110, 13, 1, 1, 1, 3, 0, NULL, 1, 1);

-- --------------------------------------------------------

--
-- Table structure for table `menus`
--

DROP TABLE IF EXISTS `menus`;
CREATE TABLE IF NOT EXISTS `menus` (
  `id` int UNSIGNED NOT NULL AUTO_INCREMENT,
  `displayed_name` varchar(255) COLLATE utf8mb3_unicode_ci DEFAULT NULL,
  `route_name` varchar(255) COLLATE utf8mb3_unicode_ci DEFAULT NULL,
  `parent` int DEFAULT NULL,
  `icon` varchar(255) COLLATE utf8mb3_unicode_ci DEFAULT NULL,
  `status` int DEFAULT '1',
  `superadmin_access` int NOT NULL DEFAULT '0',
  `admin_access` int NOT NULL DEFAULT '0',
  `teacher_access` int NOT NULL DEFAULT '0',
  `parent_access` int NOT NULL DEFAULT '0',
  `student_access` int NOT NULL DEFAULT '0',
  `accountant_access` int NOT NULL DEFAULT '0',
  `librarian_access` int NOT NULL DEFAULT '0',
  `sort_order` int NOT NULL,
  `is_addon` int NOT NULL DEFAULT '0' COMMENT 'If the value is 1 that means its an addon.',
  `unique_identifier` varchar(255) COLLATE utf8mb3_unicode_ci DEFAULT NULL COMMENT 'It is mandatory for addons',
  PRIMARY KEY (`id`)
) ENGINE=InnoDB AUTO_INCREMENT=130 DEFAULT CHARSET=utf8mb3 COLLATE=utf8mb3_unicode_ci ROW_FORMAT=COMPACT;

--
-- Dumping data for table `menus`
--

INSERT INTO `menus` (`id`, `displayed_name`, `route_name`, `parent`, `icon`, `status`, `superadmin_access`, `admin_access`, `teacher_access`, `parent_access`, `student_access`, `accountant_access`, `librarian_access`, `sort_order`, `is_addon`, `unique_identifier`) VALUES
(1, 'users', NULL, 0, 'dripicons-user', 1, 1, 1, 1, 1, 1, 0, 0, 10, 0, 'users'),
(2, 'admin', 'admin', 1, NULL, 1, 1, 0, 0, 0, 0, 0, 0, 9, 0, 'admin'),
(3, 'student', 'student', 1, NULL, 1, 1, 1, 1, 0, 0, 0, 0, 10, 0, 'student'),
(4, 'teacher', 'teacher', 1, NULL, 1, 1, 1, 1, 1, 1, 0, 0, 30, 0, 'teacher'),
(5, 'parent', 'parent', 1, NULL, 1, 1, 1, 0, 0, 0, 0, 0, 50, 0, 'parent'),
(6, 'librarian', 'librarian', 1, NULL, 1, 1, 1, 0, 0, 0, 0, 0, 70, 0, 'librarian'),
(9, 'academic', NULL, 0, 'dripicons-store', 1, 1, 1, 1, 1, 1, 0, 0, 20, 0, 'academic'),
(10, 'class', 'manage_class', 9, NULL, 1, 1, 1, 0, 0, 0, 0, 0, 40, 0, 'class'),
(11, 'section', NULL, 9, NULL, 0, 1, 1, 0, 0, 0, 0, 0, 50, 0, 'section'),
(12, 'class_room', 'class_room', 9, NULL, 1, 1, 1, 0, 0, 0, 0, 0, 60, 0, 'class-room'),
(13, 'syllabus', 'syllabus', 9, NULL, 1, 1, 1, 1, 1, 1, 0, 0, 30, 0, 'syllabus'),
(14, 'subject', 'subject', 9, NULL, 1, 1, 1, 1, 0, 1, 0, 0, 29, 0, 'subject'),
(15, 'class_routine', 'routine', 9, NULL, 1, 1, 1, 1, 1, 1, 0, 0, 20, 0, 'class-routine'),
(16, 'daily_attendance', 'attendance', 9, NULL, 1, 1, 1, 1, 1, 1, 0, 0, 10, 0, 'daily-attendance'),
(17, 'noticeboard', NULL, 9, NULL, 0, 1, 0, 0, 0, 0, 0, 0, 110, 0, 'noticeboard'),
(18, 'promotion', 'promotion', 19, NULL, 1, 1, 1, 0, 0, 0, 0, 0, 50, 0, 'promotion'),
(19, 'Written Exam', NULL, 0, 'dripicons-to-do', 1, 1, 1, 1, 1, 1, 0, 0, 30, 0, 'exam'),
(20, 'exam', 'exam', 19, NULL, 1, 1, 1, 1, 0, 0, 0, 0, 20, 0, 'exam'),
(21, 'grades', 'grade', 19, NULL, 1, 1, 1, 0, 1, 1, 0, 0, 30, 0, 'grades'),
(22, 'marks', 'mark', 19, NULL, 1, 1, 1, 1, 1, 1, 0, 0, 10, 0, 'marks'),
(23, 'tabulation_sheet', NULL, 19, NULL, 0, 1, 0, 0, 0, 0, 0, 0, 40, 0, 'tabulation-sheet'),
(25, 'student_fee_manager', 'invoice', 24, NULL, 1, 1, 1, 0, 1, 1, 1, 0, 10, 0, 'student-fee-manager'),
(26, 'student_fee_report', NULL, 24, NULL, 0, 1, 0, 0, 0, 0, 1, 0, 20, 0, 'student-fee-report'),
(27, 'expense_manager', 'expense', 24, NULL, 1, 1, 1, 0, 0, 0, 1, 0, 40, 0, 'expense-manager'),
(31, 'extra_activities', NULL, 0, 'dripicons-store', 1, 1, 1, 1, 0, 0, 0, 0, 60, 0, 'extraactivities'),
(32, 'school_website', NULL, 28, NULL, 0, 1, 0, 0, 0, 0, 0, 0, 0, 0, 'school-website'),
(33, 'settings', NULL, 0, 'dripicons-cutlery', 1, 1, 1, 0, 0, 0, 0, 0, 60, 0, 'settings'),
(34, 'system_settings', 'system_settings', 33, NULL, 1, 1, 0, 0, 0, 0, 0, 0, 10, 0, 'system-settings'),
(36, 'payment_settings', 'payment_settings', 33, NULL, 1, 1, 0, 0, 0, 0, 0, 0, 20, 0, 'payment-settings'),
(37, 'language_settings', 'language', 33, NULL, 1, 1, 0, 0, 0, 0, 0, 0, 30, 0, 'language-settings'),
(38, 'session_manager', 'session_manager', 28, NULL, 1, 1, 0, 0, 0, 0, 0, 0, 0, 0, 'session-manager'),
(39, 'department', 'department', 9, NULL, 1, 1, 1, 0, 0, 0, 0, 0, 70, 0, 'department'),
(40, 'admission', 'student/create', 1, NULL, 1, 1, 1, 0, 0, 0, 0, 0, 20, 0, 'admission'),
(41, 'addon_manager', 'addon_manager', 28, NULL, 1, 1, 0, 0, 0, 0, 0, 0, 0, 0, 'addon-manager'),
(43, 'event_calender', 'event_calendar', 9, NULL, 1, 1, 1, 1, 1, 1, 0, 0, 100, 0, 'event-calender'),
(44, 'online_exam', NULL, 20, NULL, 0, 1, 0, 0, 0, 0, 0, 0, 50, 0, 'online-exam'),
(45, 'certificate', NULL, 20, NULL, 0, 1, 0, 0, 0, 0, 0, 0, 60, 0, 'certificate'),
(46, 'teacher_permission', 'permission', 1, NULL, 1, 1, 1, 0, 0, 0, 0, 0, 40, 0, 'teacher-permission'),
(47, 'messaging', NULL, 1, NULL, 0, 1, 0, 0, 0, 0, 0, 0, 110, 0, 'messaging'),
(48, 'role_permission', 'role.index', 1, NULL, 0, 1, 0, 0, 0, 0, 0, 0, 100, 0, 'role-permission'),
(49, 'form_builder', NULL, 32, NULL, 1, 1, 0, 0, 0, 0, 0, 0, 0, 0, 'form-builder'),
(50, 'book_list_manager', 'book', 29, NULL, 1, 1, 1, 1, 1, 1, 0, 1, 0, 0, 'book-list-manager'),
(51, 'book_issue_report', 'book_issue', 29, NULL, 1, 1, 1, 0, 0, 1, 0, 1, 0, 0, 'book-issue-report'),
(52, 'room_manager', NULL, 31, NULL, 1, 1, 0, 0, 0, 0, 0, 0, 0, 0, 'room-manager'),
(53, 'student_report', NULL, 31, NULL, 1, 1, 0, 0, 0, 0, 0, 0, 0, 0, 'student-report'),
(55, 'expense_category', 'expense_category', 24, NULL, 1, 1, 1, 0, 0, 0, 1, 0, 30, 0, 'expense-category'),
(56, 'SMTP_settings', 'smtp_settings', 33, NULL, 1, 1, 0, 0, 0, 0, 0, 0, 50, 0, 'smtp-settings'),
(57, 'school_settings', 'school_settings', 33, NULL, 1, 1, 1, 0, 0, 0, 0, 0, 12, 0, 'school-settings'),
(58, 'about', 'about', 33, NULL, 1, 1, 0, 0, 0, 0, 0, 0, 51, 0, 'about'),
(60, 'Quarterly_Reportcard', 'reportcard', 19, NULL, 1, 1, 1, 1, 0, 0, 0, 0, 20, 0, 'reportcard'),
(115, 'website_settings', 'website_settings', 33, NULL, 1, 1, 0, 0, 0, 0, 0, 0, 11, 0, 'website-settings'),
(116, 'noticeboard', 'noticeboard', 28, NULL, 1, 1, 1, 0, 0, 0, 0, 0, 0, 0, 'noticeboard'),
(118, 'homework', 'homework', 31, NULL, 1, 1, 1, 1, 0, 0, 0, 0, 20, 0, 'homework'),
(119, 'Classwork', 'classwork', 31, NULL, 1, 0, 1, 1, 0, 1, 0, 0, 0, 0, NULL),
(120, 'Project', 'project', 31, NULL, 1, 0, 1, 1, 0, 1, 0, 0, 0, 0, NULL),
(121, 'Quiz', 'quiz', 31, NULL, 1, 1, 1, 1, 1, 1, 0, 0, 0, 0, 'quiz'),
(122, 'online_exam_create', 'online_exam_create', 31, NULL, 1, 1, 1, 1, 0, 0, 0, 0, 21, 0, 'online_exam_create'),
(123, 'student_online_exam', 'student_online_exam', 19, NULL, 1, 0, 0, 0, 0, 1, 0, 0, 21, 0, 'student_online_exam'),
(124, 'Behaviour', 'behaviours', 31, NULL, 1, 0, 1, 1, 1, 1, 0, 0, 0, 0, NULL),
(125, 'Complaints/Actions', 'complaintsactions', 0, 'dripicons-copy', 1, 1, 1, 1, 1, 1, 0, 0, 50, 0, 'complaintsactions'),
(126, 'Transport', 'transport', 0, 'dripicons-location', 1, 1, 1, 1, 1, 1, 0, 0, 63, 0, 'transport'),
(127, 'Routes', 'routes', 126, NULL, 1, 1, 1, 1, 1, 1, 0, 0, 0, 0, 'routes'),
(128, 'Vehicle', 'vehicle', 126, NULL, 1, 1, 1, 1, 1, 1, 0, 0, 0, 0, NULL),
(129, 'Assign Vehicle', 'assignvehicle', 126, NULL, 1, 1, 1, 1, 1, 1, 0, 0, 0, 0, NULL);

-- --------------------------------------------------------

--
-- Table structure for table `noticeboard`
--

DROP TABLE IF EXISTS `noticeboard`;
CREATE TABLE IF NOT EXISTS `noticeboard` (
  `id` int NOT NULL AUTO_INCREMENT,
  `notice_title` longtext COLLATE utf8mb3_unicode_ci,
  `notice` longtext COLLATE utf8mb3_unicode_ci,
  `date` varchar(255) COLLATE utf8mb3_unicode_ci DEFAULT NULL,
  `status` int DEFAULT '1',
  `show_on_website` int DEFAULT '0',
  `image` text COLLATE utf8mb3_unicode_ci,
  `school_id` int NOT NULL,
  `session` int NOT NULL,
  PRIMARY KEY (`id`)
) ENGINE=MyISAM DEFAULT CHARSET=utf8mb3 COLLATE=utf8mb3_unicode_ci;

-- --------------------------------------------------------

--
-- Table structure for table `online_exam_details`
--

DROP TABLE IF EXISTS `online_exam_details`;
CREATE TABLE IF NOT EXISTS `online_exam_details` (
  `id` int NOT NULL AUTO_INCREMENT,
  `online_exam_name` varchar(255) COLLATE utf8mb4_general_ci DEFAULT NULL,
  `quarter_id` int DEFAULT NULL,
  `exam_start_date` date DEFAULT NULL,
  `exam_duration` varchar(100) COLLATE utf8mb4_general_ci DEFAULT NULL COMMENT 'exam duration in minutes',
  `status` enum('0','1') COLLATE utf8mb4_general_ci NOT NULL DEFAULT '1' COMMENT '1=> Active 0=>Inactive',
  `exam_start_time` varchar(100) COLLATE utf8mb4_general_ci DEFAULT NULL,
  `exam_start_am_pm` varchar(100) COLLATE utf8mb4_general_ci DEFAULT NULL,
  `exam_end_time` varchar(100) COLLATE utf8mb4_general_ci DEFAULT NULL,
  `exam_end_am_pm` varchar(100) COLLATE utf8mb4_general_ci DEFAULT NULL,
  PRIMARY KEY (`id`)
) ENGINE=InnoDB AUTO_INCREMENT=15 DEFAULT CHARSET=utf8mb4 COLLATE=utf8mb4_general_ci;

--
-- Dumping data for table `online_exam_details`
--

INSERT INTO `online_exam_details` (`id`, `online_exam_name`, `quarter_id`, `exam_start_date`, `exam_duration`, `status`, `exam_start_time`, `exam_start_am_pm`, `exam_end_time`, `exam_end_am_pm`) VALUES
(1, 'First test for class1', 1, '2024-07-21', '30', '1', '10:00', 'AM', '10:30', 'AM'),
(2, 'Second test for class1', 1, '2024-07-21', '10', '1', '11:00', 'AM', '11:10', 'AM'),
(3, 'Third exam for class1', 1, '2024-07-23', '15', '1', '10:15', 'AM', '10:30', 'AM'),
(4, 'Quarter 1 Exam', 1, '2024-07-24', '20', '1', '11:10', 'AM', '11:30', 'AM'),
(7, 'Querter1 for exam test', 1, '2024-07-25', '2', '1', '3:38', 'PM', '3:40', 'PM'),
(8, 'Class one test exam', 5, '2024-07-25', '15', '1', '10:55', 'PM', '11:10', 'PM'),
(9, 'Another test class 1 exam', 1, '2024-07-25', '13', '1', '11:12', 'PM', '11:25', 'PM'),
(10, 'test exam100', 1, '2024-07-25', '23', '1', '11:32', 'PM', '11:55', 'PM'),
(11, 'test exam111', 1, '2024-07-26', '52', '1', '12:05', 'AM', '12:27', 'AM'),
(12, 'Final exam102', 1, '2024-07-26', '15', '1', '12:30', 'AM', '12:45', 'AM'),
(13, 'eduquest', 1, '2024-07-26', '80', '1', '03:30', 'PM', '04:50', 'PM'),
(14, 'eduquest2', 1, '2024-07-26', '90', '1', '03:30', 'PM', '05:00', 'PM');

-- --------------------------------------------------------

--
-- Table structure for table `online_exam_result`
--

DROP TABLE IF EXISTS `online_exam_result`;
CREATE TABLE IF NOT EXISTS `online_exam_result` (
  `id` int NOT NULL AUTO_INCREMENT,
  `student_id` int DEFAULT NULL,
  `exam_id` int DEFAULT NULL,
  `quarter_id` int DEFAULT NULL,
  `exam_result` longtext CHARACTER SET utf8mb4 COLLATE utf8mb4_bin,
  `exam_status` enum('1','2') COLLATE utf8mb4_general_ci NOT NULL DEFAULT '1' COMMENT '1=> Pending\r\n2=> Complete',
  PRIMARY KEY (`id`)
) ;

--
-- Dumping data for table `online_exam_result`
--

INSERT INTO `online_exam_result` (`id`, `student_id`, `exam_id`, `quarter_id`, `exam_result`, `exam_status`) VALUES
(1, 33, 13, 1, NULL, '1'),
(2, 33, 14, 1, '[\"Dog\",\"Ans one\",\"Earth\",\"Football\",\"Sam\",\"This is nothing.\"]', '2');

-- --------------------------------------------------------

--
-- Table structure for table `parents`
--

DROP TABLE IF EXISTS `parents`;
CREATE TABLE IF NOT EXISTS `parents` (
  `id` int NOT NULL AUTO_INCREMENT,
  `user_id` int DEFAULT NULL,
  `school_id` int DEFAULT NULL,
  PRIMARY KEY (`id`)
) ENGINE=InnoDB AUTO_INCREMENT=7 DEFAULT CHARSET=utf8mb3 COLLATE=utf8mb3_unicode_ci;

--
-- Dumping data for table `parents`
--

INSERT INTO `parents` (`id`, `user_id`, `school_id`) VALUES
(1, 7, 1),
(2, 8, 1),
(3, 29, 1),
(4, 30, 1),
(5, 31, 1),
(6, 32, 1);

-- --------------------------------------------------------

--
-- Table structure for table `payment_settings`
--

DROP TABLE IF EXISTS `payment_settings`;
CREATE TABLE IF NOT EXISTS `payment_settings` (
  `id` int NOT NULL AUTO_INCREMENT,
  `key` varchar(500) COLLATE utf8mb3_unicode_ci DEFAULT NULL,
  `value` longtext COLLATE utf8mb3_unicode_ci,
  PRIMARY KEY (`id`)
) ENGINE=InnoDB AUTO_INCREMENT=18 DEFAULT CHARSET=utf8mb3 COLLATE=utf8mb3_unicode_ci;

--
-- Dumping data for table `payment_settings`
--

INSERT INTO `payment_settings` (`id`, `key`, `value`) VALUES
(12, 'stripe_settings', '[{\"stripe_active\":\"yes\",\"stripe_mode\":\"on\",\"stripe_test_secret_key\":\"1234\",\"stripe_test_public_key\":\"1234\",\"stripe_live_secret_key\":\"1234\",\"stripe_live_public_key\":\"1234\",\"stripe_currency\":\"USD\"}]'),
(17, 'paypal_settings', '[{\"paypal_active\":\"yes\",\"paypal_mode\":\"sandbox\",\"paypal_client_id_sandbox\":\"1234\",\"paypal_client_id_production\":\"1234\",\"paypal_currency\":\"USD\"}]');

-- --------------------------------------------------------

--
-- Table structure for table `project`
--

DROP TABLE IF EXISTS `project`;
CREATE TABLE IF NOT EXISTS `project` (
  `id` int NOT NULL AUTO_INCREMENT,
  `student_id` int DEFAULT NULL,
  `subject_id` int DEFAULT NULL,
  `class_id` int DEFAULT NULL,
  `section_id` int DEFAULT NULL,
  `exam_id` int DEFAULT NULL,
  `mark_obtained` decimal(5,2) DEFAULT '0.00',
  `comment` text COLLATE utf8mb4_unicode_ci,
  `session` varchar(20) COLLATE utf8mb4_unicode_ci DEFAULT NULL,
  `school_id` int DEFAULT NULL,
  PRIMARY KEY (`id`)
) ENGINE=InnoDB AUTO_INCREMENT=14 DEFAULT CHARSET=utf8mb4 COLLATE=utf8mb4_unicode_ci;

--
-- Dumping data for table `project`
--

INSERT INTO `project` (`id`, `student_id`, `subject_id`, `class_id`, `section_id`, `exam_id`, `mark_obtained`, `comment`, `session`, `school_id`) VALUES
(1, 9, 1, 1, 1, 4, 50.00, '', '1', 1),
(2, 10, 1, 1, 1, 4, 0.00, NULL, '1', 1),
(3, 11, 1, 1, 1, 4, 0.00, NULL, '1', 1),
(4, 12, 1, 1, 1, 4, 0.00, NULL, '1', 1),
(5, 13, 1, 1, 1, 4, 0.00, NULL, '1', 1),
(6, 15, 4, 2, 2, 4, 0.00, NULL, '1', 1),
(7, 16, 4, 2, 2, 4, 0.00, NULL, '1', 1),
(8, 9, 1, 1, 1, 1, 50.00, '', '1', 1),
(9, 10, 1, 1, 1, 1, 0.00, NULL, '1', 1),
(10, 11, 1, 1, 1, 1, 0.00, NULL, '1', 1),
(11, 12, 1, 1, 1, 1, 0.00, NULL, '1', 1),
(12, 13, 1, 1, 1, 1, 0.00, '', '1', 1),
(13, 14, 1, 1, 12, 1, 0.00, NULL, '1', 1);

-- --------------------------------------------------------

--
-- Table structure for table `quiz`
--

DROP TABLE IF EXISTS `quiz`;
CREATE TABLE IF NOT EXISTS `quiz` (
  `id` int NOT NULL AUTO_INCREMENT,
  `quarter_id` varchar(50) COLLATE utf8mb4_general_ci NOT NULL,
  `class_id` int NOT NULL,
  `school_id` int NOT NULL,
  `subject_id` int NOT NULL,
  `questions` varchar(255) COLLATE utf8mb4_general_ci NOT NULL,
  `answers1` varchar(255) COLLATE utf8mb4_general_ci NOT NULL,
  `answers2` varchar(255) COLLATE utf8mb4_general_ci NOT NULL,
  `answers3` varchar(255) COLLATE utf8mb4_general_ci NOT NULL,
  `answers4` varchar(255) COLLATE utf8mb4_general_ci NOT NULL,
  `correct_answer` varchar(255) COLLATE utf8mb4_general_ci DEFAULT NULL,
  PRIMARY KEY (`id`)
) ENGINE=InnoDB AUTO_INCREMENT=12 DEFAULT CHARSET=utf8mb4 COLLATE=utf8mb4_general_ci;

--
-- Dumping data for table `quiz`
--

INSERT INTO `quiz` (`id`, `quarter_id`, `class_id`, `school_id`, `subject_id`, `questions`, `answers1`, `answers2`, `answers3`, `answers4`, `correct_answer`) VALUES
(3, '2', 3, 1, 6, 'demo questions', 'answers', '', '', '', NULL),
(4, '1', 1, 1, 13, 'Test question one', 'Dog', 'Cat', 'Spider', 'Rat', '4'),
(5, '1', 1, 1, 7, 'Science Question test?', 'Ans one', 'Ans two', 'Ans three', 'Ans four', '1'),
(6, '1', 1, 1, 9, 'Question sample for physics', 'Earth', 'Moon', 'Sun', 'Star', '3'),
(7, '1', 1, 1, 10, 'What is the best play?', 'Football', 'Cricket', 'Busket Ball', 'Hoki', '4'),
(8, '1', 1, 1, 2, 'What is your name?', 'Sam', 'Ram', 'Joy', 'Krishna', '2'),
(9, '1', 1, 1, 1, 'What is this?', 'This is nothing.', 'Yes there is something', 'there was no possible methods', 'Yes possible there might be someone', '4'),
(10, '1', 1, 1, 1, 'who is he?', 'amit', 'Sahil', 'Ahmed', 'Rishi', '3'),
(11, '1', 1, 1, 4, 'who is he?', 'amita', 'Sahila', 'Ahmeda', 'Rishia', '2');

-- --------------------------------------------------------

--
-- Table structure for table `routes`
--

DROP TABLE IF EXISTS `routes`;
CREATE TABLE IF NOT EXISTS `routes` (
  `id` int NOT NULL AUTO_INCREMENT,
  `route_title` varchar(255) CHARACTER SET utf8mb4 COLLATE utf8mb4_general_ci NOT NULL,
  `route_fare` varchar(50) CHARACTER SET utf8mb4 COLLATE utf8mb4_general_ci NOT NULL,
  PRIMARY KEY (`id`)
) ENGINE=InnoDB AUTO_INCREMENT=12 DEFAULT CHARSET=utf8mb4 COLLATE=utf8mb4_general_ci;

--
-- Dumping data for table `routes`
--

INSERT INTO `routes` (`id`, `route_title`, `route_fare`) VALUES
(9, 'Solans', '501'),
(10, 'Palampur', '1001');

-- --------------------------------------------------------

--
-- Table structure for table `routines`
--

DROP TABLE IF EXISTS `routines`;
CREATE TABLE IF NOT EXISTS `routines` (
  `id` int NOT NULL AUTO_INCREMENT,
  `class_id` varchar(255) COLLATE utf8mb3_unicode_ci DEFAULT NULL,
  `section_id` varchar(255) COLLATE utf8mb3_unicode_ci DEFAULT NULL,
  `subject_id` varchar(255) COLLATE utf8mb3_unicode_ci DEFAULT NULL,
  `starting_hour` varchar(255) COLLATE utf8mb3_unicode_ci DEFAULT NULL,
  `ending_hour` varchar(255) COLLATE utf8mb3_unicode_ci DEFAULT NULL,
  `starting_minute` varchar(255) COLLATE utf8mb3_unicode_ci DEFAULT NULL,
  `ending_minute` varchar(255) COLLATE utf8mb3_unicode_ci DEFAULT NULL,
  `day` varchar(255) COLLATE utf8mb3_unicode_ci DEFAULT '',
  `teacher_id` int DEFAULT NULL,
  `room_id` int DEFAULT NULL,
  `school_id` int DEFAULT NULL,
  `session_id` varchar(255) COLLATE utf8mb3_unicode_ci DEFAULT '',
  PRIMARY KEY (`id`)
) ENGINE=InnoDB AUTO_INCREMENT=11 DEFAULT CHARSET=utf8mb3 COLLATE=utf8mb3_unicode_ci;

--
-- Dumping data for table `routines`
--

INSERT INTO `routines` (`id`, `class_id`, `section_id`, `subject_id`, `starting_hour`, `ending_hour`, `starting_minute`, `ending_minute`, `day`, `teacher_id`, `room_id`, `school_id`, `session_id`) VALUES
(1, '1', '1', '1', '8', '9', '0', '10', 'monday', 1, 1, 1, '1'),
(2, '1', '1', '2', '9', '10', '15', '0', 'monday', 1, 1, 1, '1'),
(3, '1', '1', '3', '11', '12', '0', '30', 'monday', 1, 1, 1, '1'),
(4, '1', '1', '1', '8', '9', '0', '0', 'monday', 1, 1, 1, '1'),
(5, '1', '1', '1', '0', '1', '30', '10', 'saturday', 1, 1, 1, '1'),
(6, '2', '2', '6', '10', '11', '0', '0', 'monday', 1, 2, 1, '1'),
(7, '1', '1', '10', '16', '17', '0', '0', 'tuesday', 1, 8, 1, '1'),
(8, '12', '17', '11', '0', '1', '0', '0', 'sunday', 1, 3, 1, '1'),
(9, '2', '2', '5', '1', '3', '15', '15', 'tuesday', 1, 3, 1, '1'),
(10, '1', '12', '1', '13', '14', '0', '0', 'monday', 1, 1, 1, '1');

-- --------------------------------------------------------

--
-- Table structure for table `schools`
--

DROP TABLE IF EXISTS `schools`;
CREATE TABLE IF NOT EXISTS `schools` (
  `id` int UNSIGNED NOT NULL AUTO_INCREMENT,
  `name` varchar(255) COLLATE utf8mb3_unicode_ci DEFAULT NULL,
  `address` longtext COLLATE utf8mb3_unicode_ci,
  `phone` longtext COLLATE utf8mb3_unicode_ci,
  PRIMARY KEY (`id`)
) ENGINE=InnoDB AUTO_INCREMENT=2 DEFAULT CHARSET=utf8mb3 COLLATE=utf8mb3_unicode_ci;

--
-- Dumping data for table `schools`
--

INSERT INTO `schools` (`id`, `name`, `address`, `phone`) VALUES
(1, 'EduQuest', 'School Address', '+123123123123');

-- --------------------------------------------------------

--
-- Table structure for table `sections`
--

DROP TABLE IF EXISTS `sections`;
CREATE TABLE IF NOT EXISTS `sections` (
  `id` int UNSIGNED NOT NULL AUTO_INCREMENT,
  `name` varchar(255) COLLATE utf8mb3_unicode_ci DEFAULT NULL,
  `class_id` int DEFAULT NULL,
  PRIMARY KEY (`id`)
) ENGINE=InnoDB AUTO_INCREMENT=25 DEFAULT CHARSET=utf8mb3 COLLATE=utf8mb3_unicode_ci;

--
-- Dumping data for table `sections`
--

INSERT INTO `sections` (`id`, `name`, `class_id`) VALUES
(1, 'A', 1),
(2, 'A', 2),
(3, 'A', 3),
(4, 'A', 4),
(5, 'A', 5),
(6, 'A', 6),
(7, 'A', 7),
(9, 'A', 9),
(10, 'A', 10),
(12, 'C', 1),
(13, 'D', 1),
(14, 'A', 11),
(15, 'B', 11),
(16, 'C', 11),
(17, 'A', 12),
(18, 'B', 12),
(19, 'C', 12),
(21, 'A', 14),
(22, 'A', 15),
(23, 'b', 15),
(24, 'A', 16);

-- --------------------------------------------------------

--
-- Table structure for table `sessions`
--

DROP TABLE IF EXISTS `sessions`;
CREATE TABLE IF NOT EXISTS `sessions` (
  `id` int UNSIGNED NOT NULL AUTO_INCREMENT,
  `name` varchar(255) COLLATE utf8mb3_unicode_ci DEFAULT NULL,
  `status` int DEFAULT '0',
  PRIMARY KEY (`id`),
  KEY `name` (`name`) USING BTREE
) ENGINE=InnoDB AUTO_INCREMENT=4 DEFAULT CHARSET=utf8mb3 COLLATE=utf8mb3_unicode_ci;

--
-- Dumping data for table `sessions`
--

INSERT INTO `sessions` (`id`, `name`, `status`) VALUES
(1, '2024', 1),
(2, '2025', 1),
(3, '2026', 1);

-- --------------------------------------------------------

--
-- Table structure for table `settings`
--

DROP TABLE IF EXISTS `settings`;
CREATE TABLE IF NOT EXISTS `settings` (
  `id` int UNSIGNED NOT NULL AUTO_INCREMENT,
  `school_id` int DEFAULT NULL,
  `system_name` varchar(255) DEFAULT NULL,
  `system_title` varchar(255) DEFAULT NULL,
  `system_email` varchar(255) DEFAULT NULL,
  `phone` varchar(255) DEFAULT NULL,
  `address` longtext,
  `purchase_code` varchar(255) DEFAULT NULL,
  `system_currency` varchar(255) DEFAULT NULL,
  `currency_position` varchar(255) DEFAULT NULL,
  `running_session` varchar(255) DEFAULT '',
  `language` varchar(255) DEFAULT NULL,
  `student_email_verification` varchar(255) DEFAULT NULL,
  `footer_text` varchar(255) DEFAULT NULL,
  `footer_link` varchar(255) DEFAULT NULL,
  `version` varchar(255) DEFAULT NULL,
  `fax` varchar(255) DEFAULT NULL,
  `date_of_last_updated_attendance` varchar(255) DEFAULT NULL,
  `timezone` varchar(255) DEFAULT NULL,
  `youtube_api_key` varchar(255) DEFAULT NULL,
  `vimeo_api_key` varchar(255) DEFAULT NULL,
  PRIMARY KEY (`id`)
) ENGINE=InnoDB AUTO_INCREMENT=2 DEFAULT CHARSET=utf8mb3;

--
-- Dumping data for table `settings`
--

INSERT INTO `settings` (`id`, `school_id`, `system_name`, `system_title`, `system_email`, `phone`, `address`, `purchase_code`, `system_currency`, `currency_position`, `running_session`, `language`, `student_email_verification`, `footer_text`, `footer_link`, `version`, `fax`, `date_of_last_updated_attendance`, `timezone`, `youtube_api_key`, `vimeo_api_key`) VALUES
(1, 1, 'EduQuest', 'Eduquest  School', 'info@eduquest.com', '+8801234567890', '4333 Factoria Blvd SE, Bellevue, WA 98006', 'XXXXXXXXXXXX', 'USD', 'left', '1', 'english', NULL, 'By Kyptronix', 'https://kyptronix.us/', '1.0', '1234567890', '1721159946', 'Asia/Dhaka', '', '');

-- --------------------------------------------------------

--
-- Table structure for table `smtp_settings`
--

DROP TABLE IF EXISTS `smtp_settings`;
CREATE TABLE IF NOT EXISTS `smtp_settings` (
  `id` int NOT NULL AUTO_INCREMENT,
  `mail_sender` varchar(255) COLLATE utf8mb3_unicode_ci DEFAULT NULL,
  `smtp_protocol` varchar(255) COLLATE utf8mb3_unicode_ci DEFAULT NULL,
  `smtp_host` varchar(255) COLLATE utf8mb3_unicode_ci DEFAULT NULL,
  `smtp_username` varchar(255) COLLATE utf8mb3_unicode_ci DEFAULT NULL,
  `smtp_password` varchar(255) COLLATE utf8mb3_unicode_ci DEFAULT NULL,
  `smtp_port` varchar(255) COLLATE utf8mb3_unicode_ci DEFAULT NULL,
  `smtp_secure` varchar(255) COLLATE utf8mb3_unicode_ci DEFAULT NULL,
  `smtp_set_from` varchar(255) COLLATE utf8mb3_unicode_ci DEFAULT NULL,
  `smtp_debug` varchar(255) COLLATE utf8mb3_unicode_ci DEFAULT NULL,
  `smtp_show_error` varchar(255) COLLATE utf8mb3_unicode_ci DEFAULT NULL,
  PRIMARY KEY (`id`)
) ENGINE=InnoDB DEFAULT CHARSET=utf8mb3 COLLATE=utf8mb3_unicode_ci;

-- --------------------------------------------------------

--
-- Table structure for table `students`
--

DROP TABLE IF EXISTS `students`;
CREATE TABLE IF NOT EXISTS `students` (
  `id` int UNSIGNED NOT NULL AUTO_INCREMENT,
  `code` varchar(255) COLLATE utf8mb3_unicode_ci DEFAULT NULL,
  `user_id` int DEFAULT NULL,
  `parent_id` int DEFAULT NULL,
  `session` int DEFAULT NULL,
  `school_id` int DEFAULT NULL,
  PRIMARY KEY (`id`)
) ENGINE=InnoDB AUTO_INCREMENT=17 DEFAULT CHARSET=utf8mb3 COLLATE=utf8mb3_unicode_ci;

--
-- Dumping data for table `students`
--

INSERT INTO `students` (`id`, `code`, `user_id`, `parent_id`, `session`, `school_id`) VALUES
(1, '2024-7205-6418', 3, 1, 1, 1),
(2, '2024-3946-0781', 4, 1, 1, 1),
(3, '2024-8345-1267', 5, 2, 1, 1),
(4, '2024-9253-1874', 16, 0, 1, 1),
(5, '2024-7250-1694', 17, 1, 1, 1),
(6, '2024-2137-4590', 19, 0, 1, 1),
(7, '2024-9057-1483', 20, 1, 1, 1),
(8, '2024-6259-1374', 21, 0, 1, 1),
(9, '2024-1762-9450', 22, 0, 1, 1),
(10, '2024-3651-7804', 23, 0, 1, 1),
(11, '2024-3217-0984', 24, 0, 1, 1),
(12, '2024-0716-3524', 25, 0, 1, 1),
(13, '2024-7819-4056', 26, 0, 1, 1),
(14, '2024-6470-8125', 27, 1, 1, 1),
(15, '2024-9316-5402', 28, 2, 1, 1),
(16, '2024-0345-1976', 33, 5, 1, 1);

-- --------------------------------------------------------

--
-- Table structure for table `student_guardien_information`
--

DROP TABLE IF EXISTS `student_guardien_information`;
CREATE TABLE IF NOT EXISTS `student_guardien_information` (
  `id` int NOT NULL AUTO_INCREMENT,
  `student_id` int DEFAULT NULL,
  `guardien_type` enum('father','mother') COLLATE utf8mb4_general_ci DEFAULT NULL,
  `name` varchar(255) COLLATE utf8mb4_general_ci DEFAULT NULL,
  `national_id` varchar(255) COLLATE utf8mb4_general_ci DEFAULT NULL,
  `occupation` varchar(255) COLLATE utf8mb4_general_ci DEFAULT NULL,
  `profession` varchar(255) COLLATE utf8mb4_general_ci DEFAULT NULL,
  `education` varchar(255) COLLATE utf8mb4_general_ci DEFAULT NULL,
  `mobile` varchar(255) COLLATE utf8mb4_general_ci DEFAULT NULL,
  `income` varchar(255) COLLATE utf8mb4_general_ci DEFAULT NULL,
  PRIMARY KEY (`id`)
) ENGINE=InnoDB DEFAULT CHARSET=utf8mb4 COLLATE=utf8mb4_general_ci;

-- --------------------------------------------------------

--
-- Table structure for table `subjects`
--

DROP TABLE IF EXISTS `subjects`;
CREATE TABLE IF NOT EXISTS `subjects` (
  `id` int UNSIGNED NOT NULL AUTO_INCREMENT,
  `name` varchar(255) COLLATE utf8mb3_unicode_ci DEFAULT NULL,
  `class_id` int DEFAULT NULL,
  `school_id` int DEFAULT NULL,
  `session` int DEFAULT NULL,
  PRIMARY KEY (`id`)
) ENGINE=InnoDB AUTO_INCREMENT=16 DEFAULT CHARSET=utf8mb3 COLLATE=utf8mb3_unicode_ci;

--
-- Dumping data for table `subjects`
--

INSERT INTO `subjects` (`id`, `name`, `class_id`, `school_id`, `session`) VALUES
(1, 'Jr Maths', 1, 1, 1),
(2, 'Pl Book', 1, 1, 1),
(3, 'Science', 1, 1, 1),
(4, 'Social Studies', 2, 1, 1),
(5, 'Mathematics', 2, 1, 1),
(6, 'Vedic Maths', 2, 1, 1),
(7, 'Science', 2, 1, 1),
(8, 'Science', 3, 1, 1),
(9, 'physics', 1, 1, 1),
(10, 'Sports', 1, 1, 1),
(11, 'Maths', 12, 1, 1),
(12, 'Art', 1, 1, 1),
(13, 'English', 2, 1, 1),
(14, 'Hindi', 2, 1, 1),
(15, 'math', 1, 1, 1);

-- --------------------------------------------------------

--
-- Table structure for table `syllabuses`
--

DROP TABLE IF EXISTS `syllabuses`;
CREATE TABLE IF NOT EXISTS `syllabuses` (
  `id` int UNSIGNED NOT NULL AUTO_INCREMENT,
  `title` varchar(255) COLLATE utf8mb3_unicode_ci DEFAULT NULL,
  `class_id` int DEFAULT NULL,
  `section_id` int DEFAULT NULL,
  `subject_id` int DEFAULT NULL,
  `file` varchar(255) COLLATE utf8mb3_unicode_ci DEFAULT NULL,
  `session_id` int DEFAULT NULL,
  `school_id` int DEFAULT NULL,
  PRIMARY KEY (`id`)
) ENGINE=InnoDB AUTO_INCREMENT=6 DEFAULT CHARSET=utf8mb3 COLLATE=utf8mb3_unicode_ci;

--
-- Dumping data for table `syllabuses`
--

INSERT INTO `syllabuses` (`id`, `title`, `class_id`, `section_id`, `subject_id`, `file`, `session_id`, `school_id`) VALUES
(1, 'Unit Test 1 Syllabus', 1, 1, 1, '0993de9c587a8af53dbccc87b353f10c.pdf', 1, 1),
(2, 'Unit Test 1', 2, 2, 5, '39e720fad167ee1d6669d1bdc28be742.pdf', 1, 1),
(3, 'maths', 1, 1, 1, '66dcf8a92787b83a03f51fe8d6c693b1.pdf', 1, 1),
(4, 'maths', 1, 1, 1, 'd3c069d4257f8a54b45f645236d1160f.pdf', 1, 1),
(5, 'Physics', 1, 1, 9, '7c2af828e6c6856aa3fc184637da3588.pdf', 1, 1);

-- --------------------------------------------------------

--
-- Table structure for table `teachers`
--

DROP TABLE IF EXISTS `teachers`;
CREATE TABLE IF NOT EXISTS `teachers` (
  `id` int UNSIGNED NOT NULL AUTO_INCREMENT,
  `user_id` int DEFAULT NULL,
  `department_id` int DEFAULT NULL,
  `designation` varchar(255) COLLATE utf8mb3_unicode_ci DEFAULT NULL,
  `school_id` int DEFAULT NULL,
  `social_links` longtext COLLATE utf8mb3_unicode_ci,
  `about` longtext COLLATE utf8mb3_unicode_ci,
  `show_on_website` int NOT NULL,
  PRIMARY KEY (`id`)
) ENGINE=InnoDB AUTO_INCREMENT=2 DEFAULT CHARSET=utf8mb3 COLLATE=utf8mb3_unicode_ci;

--
-- Dumping data for table `teachers`
--

INSERT INTO `teachers` (`id`, `user_id`, `department_id`, `designation`, `school_id`, `social_links`, `about`, `show_on_website`) VALUES
(1, 12, 2, 'PGT', 1, '{\"facebook\":\"https:\\/\\/facebook.com\\/us\\/teacher23\",\"twitter\":\"https:\\/\\/twitter.com\\/us\\/teacher23\",\"linkedin\":\"https:\\/\\/linkedin.com\\/us\\/teacher23\"}', 'Math', 0);

-- --------------------------------------------------------

--
-- Table structure for table `teacher_permissions`
--

DROP TABLE IF EXISTS `teacher_permissions`;
CREATE TABLE IF NOT EXISTS `teacher_permissions` (
  `id` int UNSIGNED NOT NULL AUTO_INCREMENT,
  `class_id` int DEFAULT NULL,
  `section_id` int DEFAULT NULL,
  `teacher_id` int DEFAULT NULL,
  `marks` int DEFAULT '0',
  `assignment` int DEFAULT '0',
  `attendance` int DEFAULT '0',
  `online_exam` int DEFAULT '0',
  PRIMARY KEY (`id`)
) ENGINE=InnoDB AUTO_INCREMENT=4 DEFAULT CHARSET=utf8mb3 COLLATE=utf8mb3_unicode_ci;

--
-- Dumping data for table `teacher_permissions`
--

INSERT INTO `teacher_permissions` (`id`, `class_id`, `section_id`, `teacher_id`, `marks`, `assignment`, `attendance`, `online_exam`) VALUES
(1, 1, 1, 1, 1, 0, 1, 0),
(2, 2, 2, 1, 0, 0, 0, 0),
(3, 10, 10, 1, 0, 0, 0, 0);

-- --------------------------------------------------------

--
-- Table structure for table `users`
--

DROP TABLE IF EXISTS `users`;
CREATE TABLE IF NOT EXISTS `users` (
  `id` int UNSIGNED NOT NULL AUTO_INCREMENT,
  `name` varchar(255) COLLATE utf8mb4_unicode_ci NOT NULL,
  `email` varchar(255) COLLATE utf8mb4_unicode_ci NOT NULL,
  `password` varchar(255) COLLATE utf8mb4_unicode_ci NOT NULL,
  `role` varchar(255) COLLATE utf8mb4_unicode_ci DEFAULT NULL,
  `address` longtext COLLATE utf8mb4_unicode_ci,
  `phone` varchar(255) COLLATE utf8mb4_unicode_ci DEFAULT NULL,
  `remember_token` varchar(255) COLLATE utf8mb4_unicode_ci DEFAULT NULL,
  `birthday` varchar(255) COLLATE utf8mb4_unicode_ci DEFAULT NULL,
  `gender` varchar(255) COLLATE utf8mb4_unicode_ci DEFAULT NULL,
  `blood_group` varchar(255) COLLATE utf8mb4_unicode_ci DEFAULT NULL,
  `school_id` int DEFAULT NULL,
  `authentication_key` varchar(255) COLLATE utf8mb4_unicode_ci DEFAULT NULL,
  `watch_history` longtext COLLATE utf8mb4_unicode_ci,
  `last_registration_no` varchar(255) COLLATE utf8mb4_unicode_ci DEFAULT NULL,
  `admission_date` varchar(255) COLLATE utf8mb4_unicode_ci DEFAULT NULL,
  `student_birth_form_id` varchar(255) COLLATE utf8mb4_unicode_ci DEFAULT NULL,
  `student_is_orphan` enum('Yes','No') COLLATE utf8mb4_unicode_ci DEFAULT NULL,
  `student_cast` varchar(255) COLLATE utf8mb4_unicode_ci DEFAULT NULL,
  `student_osc` enum('Yes','No') COLLATE utf8mb4_unicode_ci DEFAULT NULL,
  `student_identification_mark` varchar(255) COLLATE utf8mb4_unicode_ci DEFAULT NULL,
  `previous_school` varchar(255) COLLATE utf8mb4_unicode_ci DEFAULT NULL,
  `religion` varchar(255) COLLATE utf8mb4_unicode_ci DEFAULT NULL,
  `previous_board_id` varchar(255) COLLATE utf8mb4_unicode_ci DEFAULT NULL,
  `student_disease` varchar(255) COLLATE utf8mb4_unicode_ci DEFAULT NULL,
  `additional_note` varchar(255) COLLATE utf8mb4_unicode_ci DEFAULT NULL,
  `total_sibling` int DEFAULT NULL,
  PRIMARY KEY (`id`)
) ENGINE=InnoDB AUTO_INCREMENT=34 DEFAULT CHARSET=utf8mb4 COLLATE=utf8mb4_unicode_ci;

--
-- Dumping data for table `users`
--

INSERT INTO `users` (`id`, `name`, `email`, `password`, `role`, `address`, `phone`, `remember_token`, `birthday`, `gender`, `blood_group`, `school_id`, `authentication_key`, `watch_history`, `last_registration_no`, `admission_date`, `student_birth_form_id`, `student_is_orphan`, `student_cast`, `student_osc`, `student_identification_mark`, `previous_school`, `religion`, `previous_board_id`, `student_disease`, `additional_note`, `total_sibling`) VALUES
(1, 'superadmin', 'skg.kyptronix@gmail.com', '4b4b04529d87b5c318702bc1d7689f70b15ef4fc', 'superadmin', NULL, NULL, NULL, NULL, NULL, NULL, 1, NULL, '[]', NULL, NULL, NULL, NULL, NULL, NULL, NULL, NULL, NULL, NULL, NULL, NULL, NULL),
(2, 'Syed Amir Ali', 'admin@gmail.com', '8cb2237d0679ca88db6464eac60da96345513964', 'admin', '4100 Yosemite Avenue', '09836437902', NULL, NULL, 'Male', 'a+', 1, NULL, '[]', NULL, NULL, NULL, NULL, NULL, NULL, NULL, NULL, NULL, NULL, NULL, NULL, NULL),
(3, 'Rakesh Verma', 'stud1@gmail.com', '8cb2237d0679ca88db6464eac60da96345513964', 'student', '4100 Yosemite Avenue', '09858457858', NULL, '1716919200', 'Male', 'a+', 1, NULL, '[]', NULL, NULL, NULL, NULL, NULL, NULL, NULL, NULL, NULL, NULL, NULL, NULL, NULL),
(4, 'Rakesh Rao', 'stud2@gmail.com', '7110eda4d09e062aa5e4a390b0a572ac0d2c0220', 'student', '4100 Yosemite Avenue', '09858457858', NULL, '1716314400', 'Male', 'a+', 1, NULL, '[]', NULL, NULL, NULL, NULL, NULL, NULL, NULL, NULL, NULL, NULL, NULL, NULL, NULL),
(5, 'Brijesh Sahu', 'stud3@gmail.com', '7110eda4d09e062aa5e4a390b0a572ac0d2c0220', 'student', '4100 Yosemite Avenue', '09858457858', NULL, '1716919200', 'Male', 'a+', 1, NULL, '[]', NULL, NULL, NULL, NULL, NULL, NULL, NULL, NULL, NULL, NULL, NULL, NULL, NULL),
(6, 'Riya Chakraborty', 'riya@gmail.com', '8cb2237d0679ca88db6464eac60da96345513964', 'librarian', '4100 Yosemite Avenue', '96921255255', NULL, NULL, 'Female', 'b-', 1, NULL, '[]', NULL, NULL, NULL, NULL, NULL, NULL, NULL, NULL, NULL, NULL, NULL, NULL, NULL),
(7, 'Liyakat Singh', 'liyakat@gmail.com', '8cb2237d0679ca88db6464eac60da96345513964', 'parent', '4100 Yosemite Avenue', '96921255255', NULL, NULL, 'Male', 'ab+', 1, NULL, '[]', NULL, NULL, NULL, NULL, NULL, NULL, NULL, NULL, NULL, NULL, NULL, NULL, NULL),
(8, 'Riya Moni Roy', 'moni@gmail.com', '8cb2237d0679ca88db6464eac60da96345513964', 'parent', '4100 Yosemite Avenue', '96921255251', NULL, NULL, 'Female', 'b-', 1, NULL, '[]', NULL, NULL, NULL, NULL, NULL, NULL, NULL, NULL, NULL, NULL, NULL, NULL, NULL),
(9, 'Raj Mehra', 'raj@gmail.com', '8cb2237d0679ca88db6464eac60da96345513964', 'teacher', '4100 Yosemite Avenue', '8584574584', NULL, NULL, 'Male', 'b-', 1, NULL, '[]', NULL, NULL, NULL, NULL, NULL, NULL, NULL, NULL, NULL, NULL, NULL, NULL, NULL),
(10, 'Raj Mehra', 'rajendra@gmail.com', '8cb2237d0679ca88db6464eac60da96345513964', 'teacher', '4100 Yosemite Avenue', '8584574584', NULL, NULL, 'Male', 'b-', 1, NULL, '[]', NULL, NULL, NULL, NULL, NULL, NULL, NULL, NULL, NULL, NULL, NULL, NULL, NULL),
(11, 'Raj Mehra', 'rajen@gmail.com', '7c4a8d09ca3762af61e59520943dc26494f8941b', 'teacher', '4100 Yosemite Avenue', '8584574584', NULL, NULL, 'Male', 'ab+', 1, NULL, '[]', NULL, NULL, NULL, NULL, NULL, NULL, NULL, NULL, NULL, NULL, NULL, NULL, NULL),
(12, 'Bidyut Shah', 'bidyut@gmail.com', '7c4a8d09ca3762af61e59520943dc26494f8941b', 'teacher', '4100 Yosemite Avenue', '8584511125', NULL, NULL, 'Male', 'ab+', 1, NULL, '[]', NULL, NULL, NULL, NULL, NULL, NULL, NULL, NULL, NULL, NULL, NULL, NULL, NULL),
(13, 'Rajendra Mishra', 'Rmishra@gmail.com', '7c4a8d09ca3762af61e59520943dc26494f8941b', 'teacher', '4100 Yosemite Avenue', '5254785845', NULL, NULL, 'Male', 'o+', 1, NULL, '[]', NULL, NULL, NULL, NULL, NULL, NULL, NULL, NULL, NULL, NULL, NULL, NULL, NULL),
(14, 'Rajendra Mishra', 'rajn@gmail.com', '7c4a8d09ca3762af61e59520943dc26494f8941b', 'teacher', '4100 Yosemite Avenue', '9858457858', NULL, NULL, 'Male', 'o+', 1, NULL, '[]', NULL, NULL, NULL, NULL, NULL, NULL, NULL, NULL, NULL, NULL, NULL, NULL, NULL),
(15, 'Rajendra Mishra', 'ggt@gmail.com', '7c4a8d09ca3762af61e59520943dc26494f8941b', 'teacher', 'India', '8585845785', NULL, NULL, 'Male', 'b+', 1, NULL, '[]', NULL, NULL, NULL, NULL, NULL, NULL, NULL, NULL, NULL, NULL, NULL, NULL, NULL),
(16, 'Ahmed', 'ahmednada27@gmail.com', '8cb2237d0679ca88db6464eac60da96345513964', 'student', '53 Colonial Ave', '9294909549', NULL, '1716228000', 'Male', 'a+', 1, NULL, '[]', NULL, NULL, NULL, NULL, NULL, NULL, NULL, NULL, NULL, NULL, NULL, NULL, NULL),
(17, 'Hero Student', 'stud10@gmail.com', '7c4a8d09ca3762af61e59520943dc26494f8941b', 'student', '4100 Yosemite Avenue', '09858457999', NULL, '1716314400', 'Male', 'a+', 1, NULL, '[]', NULL, NULL, NULL, NULL, NULL, NULL, NULL, NULL, NULL, NULL, NULL, NULL, NULL),
(18, 'john', 'iroy@gmail.com', '20eabe5d64b0e216796e834f52d61fd0b70332fc', 'teacher', 'gghhj', '1234567', NULL, NULL, 'Male', 'a-', 1, NULL, '[]', NULL, NULL, NULL, NULL, NULL, NULL, NULL, NULL, NULL, NULL, NULL, NULL, NULL),
(19, 'Sandeep Kumar', 'sandeep@gmail.com', '7c4a8d09ca3762af61e59520943dc26494f8941b', 'student', 'Odisha', '9692126454', NULL, '1716919200', 'Male', 'b+', 1, NULL, '[]', NULL, NULL, NULL, NULL, NULL, NULL, NULL, NULL, NULL, NULL, NULL, NULL, NULL),
(20, 'Bidyut Shah', 'bidyut1@gmail.com', '7c4a8d09ca3762af61e59520943dc26494f8941b', 'student', '4100 Yosemite Avenue', '09836437902', NULL, '1719252000', 'Male', 'a-', 1, NULL, '[]', NULL, NULL, NULL, NULL, NULL, NULL, NULL, NULL, NULL, NULL, NULL, NULL, NULL),
(21, 'Sophia Jones', 'sophia@gmail.com', '011c945f30ce2cbafc452f39840f025693339c42', 'student', NULL, NULL, NULL, NULL, 'Female', NULL, 1, NULL, '[]', NULL, NULL, NULL, NULL, NULL, NULL, NULL, NULL, NULL, NULL, NULL, NULL, NULL),
(22, 'Ava Brown', 'ava@gmail.com', '011c945f30ce2cbafc452f39840f025693339c42', 'student', NULL, NULL, NULL, NULL, 'Male', NULL, 1, NULL, '[]', NULL, NULL, NULL, NULL, NULL, NULL, NULL, NULL, NULL, NULL, NULL, NULL, NULL),
(23, 'Ethan Lee', 'ethan@gmail.com', '011c945f30ce2cbafc452f39840f025693339c42', 'student', NULL, NULL, NULL, NULL, 'Male', NULL, 1, NULL, '[]', NULL, NULL, NULL, NULL, NULL, NULL, NULL, NULL, NULL, NULL, NULL, NULL, NULL),
(24, 'William Johnson', 'swilliam@gmail.com', '011c945f30ce2cbafc452f39840f025693339c42', 'student', NULL, NULL, NULL, NULL, 'Male', NULL, 1, NULL, '[]', NULL, NULL, NULL, NULL, NULL, NULL, NULL, NULL, NULL, NULL, NULL, NULL, NULL),
(25, 'Benjamin Miller', 'miller@gmail.com', '011c945f30ce2cbafc452f39840f025693339c42', 'student', NULL, NULL, NULL, NULL, 'Male', NULL, 1, NULL, '[]', NULL, NULL, NULL, NULL, NULL, NULL, NULL, NULL, NULL, NULL, NULL, NULL, NULL),
(26, 'Olivia Davis', 'olivia@gmail.com', '011c945f30ce2cbafc452f39840f025693339c42', 'student', NULL, NULL, NULL, NULL, '', NULL, 1, NULL, '[]', NULL, NULL, NULL, NULL, NULL, NULL, NULL, NULL, NULL, NULL, NULL, NULL, NULL),
(27, 'John1 Doe', 'john@gmail.com', '7110eda4d09e062aa5e4a390b0a572ac0d2c0220', 'student', 'FLOOR 8 , Q Plot No. IID, Ek Tower, 30, Street Number 692, Action Area II, Action Area IID, Newtown, New Town, West Bengal 700161', '09836437902', NULL, '1548957600', 'Male', 'a+', 1, NULL, '[]', NULL, NULL, NULL, NULL, NULL, NULL, NULL, NULL, NULL, NULL, NULL, NULL, NULL),
(28, 'Bikash Ghosh', 'bikashghosh@gmail.com', '7c4a8d09ca3762af61e59520943dc26494f8941b', 'student', 'Vill_P.o-Adhata; P.S- Amdanga; Dist- North 24 Paraganas;', '9749460739', NULL, '1502388000', 'Male', 'o+', 1, NULL, '[]', '10213', '07/18/2024', '1432168', 'No', 'General', 'Yes', 'No Mark present', 'ST Thomas school', 'hinduism', '89012', 'No Diseases', 'Nothing', 2),
(29, 'vbbc', 'test@gmail.com', '7c4a8d09ca3762af61e59520943dc26494f8941b', 'parent', 'Vill_P.o-Adhata; P.S- Amdanga; Dist- North 24 Paraganas;', '09749460739', NULL, NULL, 'Female', '', 1, NULL, '[]', NULL, NULL, NULL, NULL, NULL, NULL, NULL, NULL, NULL, NULL, NULL, NULL, NULL),
(30, 'Test221', 'test221@gmail.com', '8cb2237d0679ca88db6464eac60da96345513964', 'parent', 'test address', '8906654345', NULL, NULL, 'Male', 'a+', 1, NULL, '[]', NULL, NULL, NULL, NULL, NULL, NULL, NULL, NULL, NULL, NULL, NULL, NULL, NULL),
(31, 'Test321', 'test321@gmail.com', '8cb2237d0679ca88db6464eac60da96345513964', 'parent', 'Test addres', '789032113', NULL, NULL, 'Male', 'b+', 1, NULL, '[]', NULL, NULL, NULL, NULL, NULL, NULL, NULL, NULL, NULL, NULL, NULL, NULL, NULL),
(32, 'Test453', 'test34@gmail.com', '8cb2237d0679ca88db6464eac60da96345513964', 'parent', 'sdsdasfasf sdasdd', '789043123', NULL, NULL, 'Male', 'b+', 1, NULL, '[]', NULL, NULL, NULL, NULL, NULL, NULL, NULL, NULL, NULL, NULL, NULL, NULL, NULL),
(33, 'kyp', 'kyp@gmail.com', '229be39e04f960e46d8a64cadc8b4534e6bfc364', 'student', NULL, NULL, NULL, NULL, 'Male', NULL, 1, NULL, '[]', NULL, NULL, NULL, NULL, NULL, NULL, NULL, NULL, NULL, NULL, NULL, NULL, NULL);

-- --------------------------------------------------------

--
-- Table structure for table `vehicle`
--

DROP TABLE IF EXISTS `vehicle`;
CREATE TABLE IF NOT EXISTS `vehicle` (
  `id` int NOT NULL AUTO_INCREMENT,
  `vehicle_number` varchar(255) CHARACTER SET utf8mb4 COLLATE utf8mb4_general_ci NOT NULL,
  `vehicle_model` varchar(255) CHARACTER SET utf8mb4 COLLATE utf8mb4_general_ci NOT NULL,
  `vehicle_driver` varchar(255) CHARACTER SET utf8mb4 COLLATE utf8mb4_general_ci NOT NULL,
  `note` varchar(255) CHARACTER SET utf8mb4 COLLATE utf8mb4_general_ci NOT NULL,
  PRIMARY KEY (`id`)
) ENGINE=InnoDB AUTO_INCREMENT=11 DEFAULT CHARSET=utf8mb4 COLLATE=utf8mb4_general_ci;

--
-- Dumping data for table `vehicle`
--

INSERT INTO `vehicle` (`id`, `vehicle_number`, `vehicle_model`, `vehicle_driver`, `note`) VALUES
(8, '102', 'BM122', 'Demo1', 'note'),
(9, '1022', 'BM12', 'Demo1', 'note');
COMMIT;

/*!40101 SET CHARACTER_SET_CLIENT=@OLD_CHARACTER_SET_CLIENT */;
/*!40101 SET CHARACTER_SET_RESULTS=@OLD_CHARACTER_SET_RESULTS */;
/*!40101 SET COLLATION_CONNECTION=@OLD_COLLATION_CONNECTION */;
